,편의점 명,상품 명,분류,개당 가격,행사 유형,이미지
0,CU(씨유),2080)센서티브미세모,생활용품,1600,1+1,http://cdn2.bgfretail.com/bgfbrand/files/product/8801046860458.jpg
1,CU(씨유),2080)치약,생활용품,1750,1+1,http://bgf-cu.xcache.kinxcdn.com/product/8801046846087.jpg
2,CU(씨유),46cm)초극세모칫솔,생활용품,1750,1+1,http://bgf-cu.xcache.kinxcdn.com/product/8801051009033.jpg
3,CU(씨유),46cm)쿨민트치약,생활용품,1750,1+1,http://bgf-cu.xcache.kinxcdn.com/product/8801051057577.jpg
4,CU(씨유),CJ)NEW컨디션환,생활용품,1450,1+1,http://bgf-cu.xcache.kinxcdn.com/product/8809422041217.jpg
5,CU(씨유),CJ)맛고구마60g,식품,2333,2+1,http://bgf-cu.xcache.kinxcdn.com/product/8801007373133.jpg
6,CU(씨유),CJ)맛밤80g,식품,2333,2+1,http://bgf-cu.xcache.kinxcdn.com/product/8801007022635.jpg
7,CU(씨유),CJ)맥스봉치즈50g,식품,1067,2+1,http://cdn2.bgfretail.com/bgfbrand/files/product/7B4994C62B134E1B9299B71300DC47EB.jpg
8,CU(씨유),CJ)맥스봉치즈70g,식품,1333,2+1,http://bgf-cu.xcache.kinxcdn.com/product/8801007358499.jpg
9,CU(씨유),CJ)비비고김치볶음80g,식품,933,2+1,http://cdn2.bgfretail.com/bgfbrand/files/product/6726E7A40E8F4EDBB8990D85C42282DF.jpg
10,CU(씨유),CJ)비비고김치왕교자,식품,3000,2+1,http://cdn2.bgfretail.com/bgfbrand/files/product/0D66DDC249B349169AEFA123EBB5B4F6.jpg
11,CU(씨유),CJ)비비고배추김치용기50g,식품,667,2+1,http://cdn2.bgfretail.com/bgfbrand/files/product/97C21D0708F7446E99799EDB7B867936.jpg
12,CU(씨유),CJ)비비고썰은배추김치60g,식품,667,2+1,http://cdn2.bgfretail.com/bgfbrand/files/product/A1922294D116493C92151E1C54D45191.jpg
13,CU(씨유),CJ)비비고왕교자만두,식품,3000,2+1,http://cdn2.bgfretail.com/bgfbrand/files/product/C3234EA320044773BC5E65C00106AA93.jpg
14,CU(씨유),CJ)비비고찐만두168g,식품,2133,2+1,http://cdn2.bgfretail.com/bgfbrand/files/product/F6033697AF1C4E26A3290F46B830EC06.jpg
15,CU(씨유),CJ)비비고찐만두청양고추,식품,2133,2+1,http://cdn2.bgfretail.com/bgfbrand/files/product/FDD94B80806B42B3AA34CF22E9FDD9DE.jpg
16,CU(씨유),CJ)쁘띠첼밀감160g,과자류,1200,2+1,http://cdn2.bgfretail.com/bgfbrand/files/product/0565E9814EC4441A92DC03EB22FE13A2.jpg
17,CU(씨유),CJ)쁘띠첼복숭아160g,과자류,1200,2+1,http://cdn2.bgfretail.com/bgfbrand/files/product/8465F3E967FA410CBD96050A226BC8C7.jpg
18,CU(씨유),CJ)쁘띠첼포도160g,과자류,1200,2+1,http://cdn2.bgfretail.com/bgfbrand/files/product/85776293E4924FD5B4765494A7B4A1CC.jpg
19,CU(씨유),CJ)숯불향바베큐바,식품,2600,2+1,http://bgf-cu.xcache.kinxcdn.com/product/8801007573342.jpg
20,CU(씨유),CJ)컨디션CEO병150ml,음료,6667,2+1,http://cdn2.bgfretail.com/bgfbrand/files/product/D80EA59B950740E4ACD48551524BF56E.jpg
21,CU(씨유),CJ)컨디션레이디병,음료,3333,2+1,http://bgf-cu.xcache.kinxcdn.com/product/8801007178233.jpg
22,CU(씨유),CJ)컨디션파워병,음료,3333,2+1,http://bgf-cu.xcache.kinxcdn.com/product/8801007071046.jpg
23,CU(씨유),CJ)컨디션헛개수P1L,음료,1667,2+1,http://cdn2.bgfretail.com/bgfbrand/files/product/C04C6DC3D6F642E4B195356584AF411F.jpg
24,CU(씨유),CJ)컨디션헛개수P340ml,음료,1000,2+1,http://cdn2.bgfretail.com/bgfbrand/files/product/32286C81DED44BAF9A6547FBC9A140E8.jpg
25,CU(씨유),CJ)컨디션헛개수P500ml,음료,1333,2+1,http://cdn2.bgfretail.com/bgfbrand/files/product/C401C9ACF6C54305B97D301EBF2E833F.jpg
26,CU(씨유),CJ)컨디션환,생활용품,1450,1+1,http://bgf-cu.xcache.kinxcdn.com/product/8809422041002.jpg
27,CU(씨유),CJ)컵반강된장보리비빔밥,식품,2333,2+1,http://bgf-cu.xcache.kinxcdn.com/product/8801007423180.jpg
28,CU(씨유),CJ)컵반고추장제육덮밥,식품,2333,2+1,http://cdn2.bgfretail.com/bgfbrand/files/product/86E504EF32534FE2B06F533BB57A1841.jpg
29,CU(씨유),CJ)컵반미역국밥,식품,2333,2+1,http://bgf-cu.xcache.kinxcdn.com/product/8801007403267.jpg
30,CU(씨유),CJ)컵반볶은김치덮밥,식품,2333,2+1,http://cdn2.bgfretail.com/bgfbrand/files/product/7A8B498EA8AE4F97848FEB5ACA92372D.jpg
31,CU(씨유),CJ)컵반불고기덮밥,식품,2333,2+1,http://cdn2.bgfretail.com/bgfbrand/files/product/53DF365FA906471EAEF36ED372C5B0B1.jpg
32,CU(씨유),CJ)컵반사골곰탕국밥,식품,2333,2+1,http://bgf-cu.xcache.kinxcdn.com/product/8801007403182.jpg
33,CU(씨유),CJ)컵반중화마파두부덮밥,식품,2333,2+1,http://cdn2.bgfretail.com/bgfbrand/files/product/A31DBEC2FBB54789BA703E7346915500.jpg
34,CU(씨유),CJ)컵반직화볶음짜장덮밥,식품,2333,2+1,http://cdn2.bgfretail.com/bgfbrand/files/product/A7376B7ECA1F47AAB4992137797C8EA3.jpg
35,CU(씨유),CJ)컵반콩나물국밥,식품,2333,2+1,http://cdn2.bgfretail.com/bgfbrand/files/product/63C9D99BFD22475FB33CE583E162CC14.jpg
36,CU(씨유),CJ)햇반210g,식품,1200,2+1,http://bgf-cu.xcache.kinxcdn.com/product/8801007310572.jpg
37,CU(씨유),CJ)햇반매일잡곡밥210g,식품,1600,2+1,http://cdn2.bgfretail.com/bgfbrand/files/product/381B48252F5541B8A3EFC38D771642F0.jpg
38,CU(씨유),CJ)햇반발아현미밥210g,식품,1600,2+1,http://cdn2.bgfretail.com/bgfbrand/files/product/094E44476F6C464BBCF0725AA1E1B34C.jpg
39,CU(씨유),CJ)햇반흑미밥210g,식품,1600,2+1,http://cdn2.bgfretail.com/bgfbrand/files/product/DEFD4458CAE3459495CBE87FAE49CB97.jpg
40,CU(씨유),CJ)히비스커스P500ml,음료,1333,2+1,http://bgf-cu.xcache.kinxcdn.com/product/8809422040913.jpg
41,CU(씨유),GRN)지금부터숙취해소제,생활용품,2500,1+1,http://cdn2.bgfretail.com/bgfbrand/files/product/E17F396343CC4CCB8BBF24E87E7F4369.jpg
42,CU(씨유),경남)레모나산10입,식품,2333,2+1,http://bgf-cu.xcache.kinxcdn.com/product/8806102872130.jpg
43,CU(씨유),고려은단)스파클링비타민C,음료,800,2+1,http://bgf-cu.xcache.kinxcdn.com/product/8806012820412.jpg
44,CU(씨유),고려은단)허니유자비타민C,음료,800,2+1,http://bgf-cu.xcache.kinxcdn.com/product/8806012820313.jpg
45,CU(씨유),광동)돼지감자차P500ml,음료,1067,2+1,http://bgf-cu.xcache.kinxcdn.com/product/8806002017976.jpg
46,CU(씨유),광동)비타500로열병120ml,음료,750,1+1,http://bgf-cu.xcache.kinxcdn.com/product/8806002017990.jpg
47,CU(씨유),광동)비타500캔240ml,음료,800,2+1,http://cdn2.bgfretail.com/bgfbrand/files/product/DDB435B4DE7C4416ADBF497304EF479C.jpg
48,CU(씨유),광동)야왕차P500ml,음료,1333,2+1,http://bgf-cu.xcache.kinxcdn.com/product/8806002014821.jpg
49,CU(씨유),광동)진쌍화병,음료,667,2+1,http://bgf-cu.xcache.kinxcdn.com/product/8806002001685.jpg
50,CU(씨유),광동)헛개파워병,음료,3000,2+1,http://cdn2.bgfretail.com/bgfbrand/files/product/4760388DC343480B9F0BC34B02A790B6.jpg
51,CU(씨유),귀애랑)울날O/N12입,생활용품,4300,1+1,http://bgf-cu.xcache.kinxcdn.com/product/8809016360281.jpg
52,CU(씨유),귀애랑)울날중4입,생활용품,1333,2+1,http://bgf-cu.xcache.kinxcdn.com/product/8809016360083.jpg
53,CU(씨유),깨끗한)리필형물티슈30매,생활용품,1133,2+1,http://cdn2.bgfretail.com/bgfbrand/files/product/C7BA5E73DE32488F90C9F4989DA3A4E0.jpg
54,CU(씨유),나뚜루)녹차미니컵,아이스크림,2600,2+1,http://bgf-cu.xcache.kinxcdn.com/product/8801062431830.jpg
55,CU(씨유),나뚜루)녹차바,아이스크림,2600,2+1,http://bgf-cu.xcache.kinxcdn.com/product/8801062414437.jpg
56,CU(씨유),나뚜루)녹차파인트,아이스크림,7000,2+1,http://bgf-cu.xcache.kinxcdn.com/product/8801062451739.jpg
57,CU(씨유),나뚜루)딸기미니컵,아이스크림,2600,2+1,http://bgf-cu.xcache.kinxcdn.com/product/8801062431755.jpg
58,CU(씨유),나뚜루)딸기파인트,아이스크림,7000,2+1,http://bgf-cu.xcache.kinxcdn.com/product/8801062451210.jpg
59,CU(씨유),나뚜루)밀크앤쿠키바,아이스크림,2600,2+1,http://bgf-cu.xcache.kinxcdn.com/product/8801062898404.jpg
60,CU(씨유),나뚜루)바닐라아몬드바,아이스크림,2600,2+1,http://bgf-cu.xcache.kinxcdn.com/product/8801062412730.jpg
61,CU(씨유),나뚜루)초코미니컵,아이스크림,2600,2+1,http://bgf-cu.xcache.kinxcdn.com/product/8801062431557.jpg
62,CU(씨유),나뚜루)초콜릿파인트,아이스크림,7000,2+1,http://bgf-cu.xcache.kinxcdn.com/product/8801062451258.jpg
63,CU(씨유),나뚜루)트리플치즈쿠키컵,아이스크림,2600,2+1,http://bgf-cu.xcache.kinxcdn.com/product/8801062013111.jpg
64,CU(씨유),나뚜루)피치요거트파인트,아이스크림,7000,2+1,http://bgf-cu.xcache.kinxcdn.com/product/8801062891801.jpg
65,CU(씨유),나무)연예인블랙마스크,생활용품,1667,2+1,http://bgf-cu.xcache.kinxcdn.com/product/8809355827766.jpg
66,CU(씨유),남양)그란데요구르트망고,음료,800,2+1,http://bgf-cu.xcache.kinxcdn.com/product/8801069186665.jpg
67,CU(씨유),남양)드링킹요구딸기300ml,음료,1200,2+1,http://bgf-cu.xcache.kinxcdn.com/product/8801069175775.jpg
68,CU(씨유),남양)드링킹요구사과300ml,음료,1200,2+1,http://cdn2.bgfretail.com/bgfbrand/files/product/94672E450E2245AABEE67D2B27A45AB6.jpg
69,CU(씨유),남양)드링킹요구포도300ml,음료,1200,2+1,http://cdn2.bgfretail.com/bgfbrand/files/product/2BF443A9FDCC44BF9258341CBC9C87E4.jpg
70,CU(씨유),남양)초코에몽캔200ml,음료,667,2+1,http://cdn2.bgfretail.com/bgfbrand/files/product/BBDC79BE5BF84E48AE237574E8C1771B.jpg
71,CU(씨유),남양)프렌치몽블랑라떼320,음료,1667,2+1,http://cdn2.bgfretail.com/bgfbrand/files/product/178BDCFD0D3F47379A7D25FAE59C3DC3.jpg
72,CU(씨유),남양)프렌치슈크림라떼320,음료,1667,2+1,http://cdn2.bgfretail.com/bgfbrand/files/product/B89EF45CEFDB4972B61E7C9933943D57.jpg
73,CU(씨유),남양)프렌치카라멜캔,음료,667,2+1,http://bgf-cu.xcache.kinxcdn.com/product/8801069182957.jpg
74,CU(씨유),남양)프렌치카라멜컵,음료,1000,2+1,http://cdn2.bgfretail.com/bgfbrand/files/product/42EBB16D954E481BB42ACEE3B3C55172.jpg
75,CU(씨유),남양)프렌치카페오레캔,음료,667,2+1,http://bgf-cu.xcache.kinxcdn.com/product/8801069182940.jpg
76,CU(씨유),남양)프렌치카페오레컵,음료,1000,2+1,http://cdn2.bgfretail.com/bgfbrand/files/product/729897E7726541B39836D67D4326387B.jpg
77,CU(씨유),남양)프렌치카푸치노컵,음료,1000,2+1,http://cdn2.bgfretail.com/bgfbrand/files/product/EEBE518976B249CD8822BAB58355CF4C.jpg
78,CU(씨유),내몸에순한라이너일반28입,생활용품,2200,1+1,http://cdn2.bgfretail.com/bgfbrand/files/product/15516B8C29A843C38D45EB56FC3F0BC5.jpg
79,CU(씨유),네슬레)스윗아메리카원컵,음료,667,2+1,http://bgf-cu.xcache.kinxcdn.com/product/8801055702893.jpg
80,CU(씨유),네슬레)신선한모카원컵,음료,667,2+1,http://cdn2.bgfretail.com/bgfbrand/files/product/E1F3D39628FB45CC81EE40E5BF62AB6F.jpg
81,CU(씨유),네슬레)킷캣청키초콜릿,과자류,500,1+1,http://cdn2.bgfretail.com/bgfbrand/files/product/3C2BC17F137049A1A08D46835269C8E4.jpg
82,CU(씨유),네슬레)킷캣청키쿠앤크,과자류,500,1+1,http://bgf-cu.xcache.kinxcdn.com/product/9556001216144.jpg
83,CU(씨유),녹차원)연유라떼원컵,음료,1000,2+1,http://bgf-cu.xcache.kinxcdn.com/product/8801767337963.jpg
84,CU(씨유),녹차원)흑당밀크티원컵,음료,1000,2+1,http://bgf-cu.xcache.kinxcdn.com/product/8801767337963.jpg
85,CU(씨유),농)너구리큰사발,식품,1067,2+1,http://bgf-cu.xcache.kinxcdn.com/product/8801043017602.jpg
86,CU(씨유),농심)구운새우칩,과자류,1333,2+1,http://bgf-cu.xcache.kinxcdn.com/product/8801043048705.jpg
87,CU(씨유),농심)너구리얼큰소컵,식품,633,2+1,http://bgf-cu.xcache.kinxcdn.com/product/8801043015837.jpg
88,CU(씨유),농심)무파마큰사발,식품,1067,2+1,http://cdn2.bgfretail.com/bgfbrand/files/product/C1700C881F1649FB9EA8679604922687.jpg
89,CU(씨유),농심)백산수P500ml,음료,633,2+1,http://cdn2.bgfretail.com/bgfbrand/files/product/6B83358CAF164C6099FA3705B99124A9.jpg
90,CU(씨유),농심)새우탕소컵,식품,600,2+1,http://cdn2.bgfretail.com/bgfbrand/files/product/0A511170320B4D7DAB6F822E7576EE66.jpg
91,CU(씨유),농심)신라면블랙사발,식품,1067,2+1,http://cdn2.bgfretail.com/bgfbrand/files/product/BAA5BEEBE80D4BD7BA4617650F4379AA.jpg
92,CU(씨유),농심)쌀국수컵,식품,1000,2+1,http://bgf-cu.xcache.kinxcdn.com/product/8801043053143.jpg
93,CU(씨유),농심)오징어짬뽕소컵,식품,600,2+1,http://cdn2.bgfretail.com/bgfbrand/files/product/F3A54564318D45B6BBA26F718DCFD79B.jpg
94,CU(씨유),농심)오징어짬뽕큰사발,식품,1067,2+1,http://cdn2.bgfretail.com/bgfbrand/files/product/9020C9B3BD7F47B6B0519B7D7CB5A5EC.jpg
95,CU(씨유),농심)인디안밥45g,과자류,667,2+1,http://bgf-cu.xcache.kinxcdn.com/product/8801043049979.jpg
96,CU(씨유),농심)츄파춥스게코젤리,과자류,900,1+1,http://bgf-cu.xcache.kinxcdn.com/product/6925425474653.jpg
97,CU(씨유),농심)튀김우동소컵,식품,600,2+1,http://cdn2.bgfretail.com/bgfbrand/files/product/28240FD0B1784B6A8D3735051A829172.jpg
98,CU(씨유),농심)후르츠텔라요거트,과자류,667,2+1,http://bgf-cu.xcache.kinxcdn.com/product/8990800019772.jpg
99,CU(씨유),누가바,아이스크림,667,2+1,http://bgf-cu.xcache.kinxcdn.com/product/8801019506550.jpg
100,CU(씨유),뉴페브리즈)다우니370ml,생활용품,3800,1+1,http://cdn2.bgfretail.com/bgfbrand/files/product/7CC332F48FC44C4AAF8DA1A15CB2D817.jpg
101,CU(씨유),다논)액티비아업딸기210ml,음료,900,1+1,http://bgf-cu.xcache.kinxcdn.com/product/8809274510893.jpg
102,CU(씨유),다논)액티비아업복숭아,음료,900,1+1,http://bgf-cu.xcache.kinxcdn.com/product/8809274512651.jpg
103,CU(씨유),다논)액티비아업플레인210,음료,900,1+1,http://bgf-cu.xcache.kinxcdn.com/product/8809274510916.jpg
104,CU(씨유),대상)고구마츄,식품,2333,2+1,http://bgf-cu.xcache.kinxcdn.com/product/8801052004068.jpg
105,CU(씨유),대상)돌산갓김치90g,식품,1533,2+1,http://bgf-cu.xcache.kinxcdn.com/product/8801052054544.jpg
106,CU(씨유),대상)종가집볶음김치190g,식품,1533,2+1,http://cdn2.bgfretail.com/bgfbrand/files/product/DD054A414DAC42C79EDCD8DDAD40E509.jpg
107,CU(씨유),돌)스위티오바나나바,아이스크림,1000,1+1,http://cdn2.bgfretail.com/bgfbrand/files/product/0770611487FE436E8988CAE234F44C11.jpg
108,CU(씨유),돌)스위티오파인애플바,아이스크림,1000,1+1,http://cdn2.bgfretail.com/bgfbrand/files/product/F81AE01C77E54696A82692B7DF0B9024.jpg
109,CU(씨유),동서)리츠치즈샌드96g,과자류,1267,2+1,http://cdn2.bgfretail.com/bgfbrand/files/product/903CA15816004ABDB67E6C2DEB23AF39.jpg
110,CU(씨유),동서)맥심모카골드원컵,음료,600,2+1,http://cdn2.bgfretail.com/bgfbrand/files/product/B808C2A27A3044FCACAFB682D7297CA9.jpg
111,CU(씨유),동서)심플리라떼360ml,음료,1600,2+1,http://bgf-cu.xcache.kinxcdn.com/product/8801037093575.jpg
112,CU(씨유),동서)심플리블랙360ml,음료,1600,2+1,http://bgf-cu.xcache.kinxcdn.com/product/8801037093582.jpg
113,CU(씨유),동서)오레오씬즈바닐라,과자류,1133,2+1,http://cdn2.bgfretail.com/bgfbrand/files/product/04EA3CDAB2AB45AA963FBD7CC876499E.jpg
114,CU(씨유),동서)오레오씬즈티라미수,과자류,1133,2+1,http://bgf-cu.xcache.kinxcdn.com/product/8801037091106.jpg
115,CU(씨유),동서)콘푸라이트밀크바,식품,600,1+1,http://cdn2.bgfretail.com/bgfbrand/files/product/2A7133B71E144F7A9CEAD556125A716A.jpg
116,CU(씨유),동서)콘푸라이트요거트바,과자류,650,1+1,http://cdn2.bgfretail.com/bgfbrand/files/product/F8201EE8E5D04587A19F1D6A6AEFDCC1.jpg
117,CU(씨유),동서)티오피더블랙275ml,음료,1467,2+1,http://bgf-cu.xcache.kinxcdn.com/product/8801037087741.jpg
118,CU(씨유),동서)티오피더블랙380ml,음료,1933,2+1,http://cdn2.bgfretail.com/bgfbrand/files/product/DF34B908977B4379BCFB317420DEBCEA.jpg
119,CU(씨유),동서)티오피마스터라떼275,음료,1467,2+1,http://bgf-cu.xcache.kinxcdn.com/product/8801037087543.jpg
120,CU(씨유),동서)티오피마스터라떼380,음료,1933,2+1,http://cdn2.bgfretail.com/bgfbrand/files/product/973911FB900B4E4AB04AC62B858AE088.jpg
121,CU(씨유),동서)티오피아메리카노275,음료,1467,2+1,http://bgf-cu.xcache.kinxcdn.com/product/8801037087550.jpg
122,CU(씨유),동서)티오피아메리카노380ml,음료,1933,2+1,http://cdn2.bgfretail.com/bgfbrand/files/product/3582B164C9BA4A0A9FB943F78431FA5B.jpg
123,CU(씨유),동서)홀스XS레몬민트,과자류,750,1+1,http://cdn2.bgfretail.com/bgfbrand/files/product/EF80F15980894EA0A3B2C570BF358BF4.jpg
124,CU(씨유),동서)홀스XS멘토립터스,과자류,750,1+1,http://cdn2.bgfretail.com/bgfbrand/files/product/52843C99BBD84655BF7CDE298CB9D627.jpg
125,CU(씨유),동서)홀스레몬맛,과자류,667,2+1,http://cdn2.bgfretail.com/bgfbrand/files/product/47E3243B328D4A9FBC5DAAE33919E28E.jpg
126,CU(씨유),동서)홀스멘토립터스,과자류,667,2+1,http://cdn2.bgfretail.com/bgfbrand/files/product/E70EB8198D8446F4BD1D087831D92D0B.jpg
127,CU(씨유),동서)홀스블루베리,과자류,667,2+1,http://cdn2.bgfretail.com/bgfbrand/files/product/2D891F638DE447AEA28580135A72349B.jpg
128,CU(씨유),동서)홀스아이스블루,과자류,667,2+1,http://cdn2.bgfretail.com/bgfbrand/files/product/586B62AD155643D5ACABE1F1F979526C.jpg
129,CU(씨유),동아)데자와밀크티P500ml,음료,1333,2+1,http://cdn2.bgfretail.com/bgfbrand/files/product/657366F41120430CAF772367AC0BB934.jpg
130,CU(씨유),동아)데자와밀크티캔,음료,867,2+1,http://cdn2.bgfretail.com/bgfbrand/files/product/DCA2369649734245819525E34891032D.jpg
131,CU(씨유),동아)멕소롱골드액75ml,음료,667,2+1,http://cdn2.bgfretail.com/bgfbrand/files/product/09343935EA3545EDAA97E7EBDBEA3D98.jpg
132,CU(씨유),동아)모닝케어강황캔100ml,음료,3333,2+1,http://bgf-cu.xcache.kinxcdn.com/product/8806011415756.jpg
133,CU(씨유),동아)모닝케어레이디병100ml,음료,3000,2+1,http://bgf-cu.xcache.kinxcdn.com/product/8806011415718.jpg
134,CU(씨유),동아)모닝케어병100ml,음료,3000,2+1,http://bgf-cu.xcache.kinxcdn.com/product/8806011412199.jpg
135,CU(씨유),동아)박카스젤리,과자류,800,2+1,http://bgf-cu.xcache.kinxcdn.com/product/8806011435631.jpg
136,CU(씨유),동아)오란씨깔라만시캔,음료,500,1+1,http://cdn2.bgfretail.com/bgfbrand/files/product/85E3D1EFFFBD429D8786BE53DB42CBBA.jpg
137,CU(씨유),동아)오란씨파인애플캔250,음료,500,1+1,http://bgf-cu.xcache.kinxcdn.com/product/8801097134218.jpg
138,CU(씨유),동아)오로나민C병120ml,음료,667,2+1,http://cdn2.bgfretail.com/bgfbrand/files/product/EB25B5B9D10D4E6C93F04924E536D0EA.jpg
139,CU(씨유),동원)고추참치150g,식품,2200,2+1,http://cdn2.bgfretail.com/bgfbrand/files/product/FC3DDD3AC7B24D908F983C2FCBF3B65D.jpg
140,CU(씨유),동원)네스퀵초코드링크,음료,667,2+1,http://cdn2.bgfretail.com/bgfbrand/files/product/0EC184BA32F749C2947DD2CF538CB114.jpg
141,CU(씨유),동원)더킹랍스터맛140g,식품,1933,2+1,http://cdn2.bgfretail.com/bgfbrand/files/product/C7F609B0A11F4C3D9CE3B43AA8D4BAC1.jpg
142,CU(씨유),동원)덴마크딸기딸기,음료,1000,2+1,http://bgf-cu.xcache.kinxcdn.com/product/8801155731632.jpg
143,CU(씨유),동원)덴마크레몬녹차,음료,600,1+1,http://bgf-cu.xcache.kinxcdn.com/product/8801155735555.jpg
144,CU(씨유),동원)덴마크모카라떼바,아이스크림,1000,2+1,http://bgf-cu.xcache.kinxcdn.com/product/8801206001851.jpg
145,CU(씨유),동원)덴마크복숭아녹차,음료,600,1+1,http://bgf-cu.xcache.kinxcdn.com/product/8801155735548.jpg
146,CU(씨유),동원)덴마크초코초코,음료,1000,2+1,http://cdn2.bgfretail.com/bgfbrand/files/product/EDDE4D69B62E42B38D180B330F23E684.jpg
147,CU(씨유),동원)덴마크커피커피,음료,1000,2+1,http://cdn2.bgfretail.com/bgfbrand/files/product/FD5993E26390492E86893435A21D07FE.jpg
148,CU(씨유),동원)리얼로스트랍스터맛,식품,2333,2+1,http://bgf-cu.xcache.kinxcdn.com/product/8801047511076.jpg
149,CU(씨유),동원)리챔200g,식품,3667,2+1,http://cdn2.bgfretail.com/bgfbrand/files/product/5E15C7FC1C3A4AA98304934DB33D45DE.jpg
150,CU(씨유),동원)보성꽃차P500ml,음료,1467,2+1,http://bgf-cu.xcache.kinxcdn.com/product/8801047289869.jpg
151,CU(씨유),동원)보성말차P500ml,음료,1467,2+1,http://cdn2.bgfretail.com/bgfbrand/files/product/9C2D28500CAC4EF6BFDBF2668BBDA51A.jpg
152,CU(씨유),동원)보성홍차P500ml,음료,1467,2+1,http://bgf-cu.xcache.kinxcdn.com/product/8801047289876.jpg
153,CU(씨유),동원)블랙슈가밀크티300ml,음료,1000,2+1,http://bgf-cu.xcache.kinxcdn.com/product/8801155732509.jpg
154,CU(씨유),동원)상상버터오징어,식품,3133,2+1,http://bgf-cu.xcache.kinxcdn.com/product/8801047184003.jpg
155,CU(씨유),동원)상상비프앤치즈40g,식품,3200,2+1,http://bgf-cu.xcache.kinxcdn.com/product/8801047183679.jpg
156,CU(씨유),동원)상상안심육포,식품,3200,2+1,http://bgf-cu.xcache.kinxcdn.com/product/8801047183617.jpg
157,CU(씨유),동원)상상화끈오징어,식품,3133,2+1,http://bgf-cu.xcache.kinxcdn.com/product/8801047184010.jpg
158,CU(씨유),동원)스윗연유밀크티300ml,음료,1000,2+1,http://bgf-cu.xcache.kinxcdn.com/product/8801155732516.jpg
159,CU(씨유),동원)야채참치150g,식품,2400,2+1,http://cdn2.bgfretail.com/bgfbrand/files/product/E3769B580488428AAFD763B53538A21F.jpg
160,CU(씨유),동원)양반들기름김,식품,400,2+1,http://bgf-cu.xcache.kinxcdn.com/product/8801047224341.jpg
161,CU(씨유),동원)양반명품김자반50g,식품,2600,2+1,http://bgf-cu.xcache.kinxcdn.com/product/8801047226178.jpg
162,CU(씨유),동원)양반밤단팥죽,식품,2333,2+1,http://cdn2.bgfretail.com/bgfbrand/files/product/3345512DFC4340739CB7A30BC7DC7E14.jpg
163,CU(씨유),동원)양반올리브유김,식품,400,2+1,http://bgf-cu.xcache.kinxcdn.com/product/8801047224334.jpg
164,CU(씨유),동원)양반참치죽,식품,2333,2+1,http://cdn2.bgfretail.com/bgfbrand/files/product/8BD226ED50B74798A99AE3FD0EF02372.jpg
165,CU(씨유),동원)양반호박죽,식품,2333,2+1,http://cdn2.bgfretail.com/bgfbrand/files/product/1B9C2A268A924C388DE3F77B88E82DDE.jpg
166,CU(씨유),동원)얼라이브망고250ml,음료,1000,2+1,http://cdn2.bgfretail.com/bgfbrand/files/product/A9070FC854544B0FB1F45E904BEC0377.jpg
167,CU(씨유),동원)얼라이브오렌지250ml,음료,1000,2+1,http://bgf-cu.xcache.kinxcdn.com/product/8801155735135.jpg
168,CU(씨유),동원)얼라이브자몽250ml,음료,1000,2+1,http://cdn2.bgfretail.com/bgfbrand/files/product/DEC0822B49254AE588EFC93E72643B7E.jpg
169,CU(씨유),동원)지중해황도410g,식품,1933,2+1,http://bgf-cu.xcache.kinxcdn.com/product/8801047151524.jpg
170,CU(씨유),동원)친친오리지널봉70g,식품,700,1+1,http://bgf-cu.xcache.kinxcdn.com/product/8801047578857.jpg
171,CU(씨유),동원)커핑로드카페봉봉,음료,1667,2+1,http://bgf-cu.xcache.kinxcdn.com/product/8801155732462.jpg
172,CU(씨유),동원)커핑모카라떼300ml,음료,1667,2+1,http://bgf-cu.xcache.kinxcdn.com/product/8801155732417.jpg
173,CU(씨유),동원)커핑에스프레소라떼,음료,1667,2+1,http://bgf-cu.xcache.kinxcdn.com/product/8801155732394.jpg
174,CU(씨유),돼지바,아이스크림,667,2+1,http://cdn2.bgfretail.com/bgfbrand/files/product/8801118250613.jpg
175,CU(씨유),듀라셀)디럭스2A2입,생활용품,1833,2+1,http://bgf-cu.xcache.kinxcdn.com/product/8804626810003.jpg
176,CU(씨유),듀라셀)디럭스3A2입,생활용품,1833,2+1,http://bgf-cu.xcache.kinxcdn.com/product/5000394123557.jpg
177,CU(씨유),라네이처)울날대10입,생활용품,4800,2+1,http://cdn2.bgfretail.com/bgfbrand/files/product/9B96B8DABAF2466BB0C06793E65A67D1.jpg
178,CU(씨유),로아카)바닐라웨하스125g,과자류,1900,1+1,http://bgf-cu.xcache.kinxcdn.com/product/8000380005949.jpg
179,CU(씨유),로아카)에스프레소110g,과자류,1900,1+1,http://bgf-cu.xcache.kinxcdn.com/product/8000380147144.jpg
180,CU(씨유),롯데)2%복숭아P500ml,음료,1133,2+1,http://bgf-cu.xcache.kinxcdn.com/product/8801056002725.jpg
181,CU(씨유),롯데)2%아쿠아P500ml,음료,1133,2+1,http://bgf-cu.xcache.kinxcdn.com/product/8801056086657.jpg
182,CU(씨유),롯데)ABC밀크초콜릿,과자류,1333,2+1,http://bgf-cu.xcache.kinxcdn.com/product/8801062629978.jpg
183,CU(씨유),롯데)가나마일드초콜릿70g,과자류,1333,2+1,http://bgf-cu.xcache.kinxcdn.com/product/8801062636822.jpg
184,CU(씨유),롯데)가나밀크초코바,아이스크림,900,1+1,http://bgf-cu.xcache.kinxcdn.com/product/8801062892143.jpg
185,CU(씨유),롯데)가나밀크초콜릿,과자류,1333,2+1,http://bgf-cu.xcache.kinxcdn.com/product/8801062636846.jpg
186,CU(씨유),롯데)가나에어라이트,과자류,800,2+1,http://bgf-cu.xcache.kinxcdn.com/product/8801062006212.jpg
187,CU(씨유),롯데)가나초코바땅콩,과자류,667,2+1,http://cdn2.bgfretail.com/bgfbrand/files/product/9185D2D1701647D8B8B344B1994FF858.jpg
188,CU(씨유),롯데)가나초코바아몬드,과자류,667,2+1,http://bgf-cu.xcache.kinxcdn.com/product/8801062278053.jpg
189,CU(씨유),롯데)거꾸로수박바,아이스크림,667,2+1,http://bgf-cu.xcache.kinxcdn.com/product/8801062004720.jpg
190,CU(씨유),롯데)게토레이블루340ml,음료,700,1+1,http://bgf-cu.xcache.kinxcdn.com/product/8801056103064.jpg
191,CU(씨유),롯데)게토레이캔340ml,음료,700,1+1,http://bgf-cu.xcache.kinxcdn.com/product/8801056043131.jpg
192,CU(씨유),롯데)구미구미딸기,과자류,667,2+1,http://bgf-cu.xcache.kinxcdn.com/product/8801062894116.jpg
193,CU(씨유),롯데)구미구미젤리,과자류,667,2+1,http://bgf-cu.xcache.kinxcdn.com/product/8801062898862.jpg
194,CU(씨유),롯데)꼬깔콘고소한맛67g,과자류,1000,2+1,http://bgf-cu.xcache.kinxcdn.com/product/8801062380114.jpg
195,CU(씨유),롯데)꼬깔콘군옥수수맛,과자류,1000,2+1,http://cdn2.bgfretail.com/bgfbrand/files/product/AEDEA16742F344BDB0F552DDA83B7086.jpg
196,CU(씨유),롯데)꼬깔콘달콤한맛,과자류,1000,2+1,http://bgf-cu.xcache.kinxcdn.com/product/8801062893584.jpg
197,CU(씨유),롯데)꼬깔콘매콤달콤,과자류,1000,2+1,http://cdn2.bgfretail.com/bgfbrand/files/product/96A0973588274DE6A0DEC7C1F7C9EB8F.jpg
198,CU(씨유),롯데)더블비얀코210ml,음료,1200,2+1,http://bgf-cu.xcache.kinxcdn.com/product/8801062623488.jpg
199,CU(씨유),롯데)데일리씨아트워터P,음료,850,1+1,http://bgf-cu.xcache.kinxcdn.com/product/8801056100858.jpg
200,CU(씨유),롯데)데일리씨자몽워터P,음료,850,1+1,http://bgf-cu.xcache.kinxcdn.com/product/8801056072414.jpg
201,CU(씨유),롯데)델몬트알로에1.2L,음료,2133,2+1,http://cdn2.bgfretail.com/bgfbrand/files/product/727EAB234A924906AA24F034551CAD40.jpg
202,CU(씨유),롯데)델몬트제주감귤P1.2L,음료,1667,2+1,http://cdn2.bgfretail.com/bgfbrand/files/product/6AE4D0BB972F488B97757EA7EC245866.jpg
203,CU(씨유),롯데)델몬트포도P1.2L,음료,2133,2+1,http://cdn2.bgfretail.com/bgfbrand/files/product/C33FEFB86A5E4E78BB4BC155BB64D695.jpg
204,CU(씨유),롯데)드림카카오72%,과자류,2000,2+1,http://cdn2.bgfretail.com/bgfbrand/files/product/DC2203F2A2CE4A0385986864C064E8DC.jpg
205,CU(씨유),롯데)따봉제주감귤340ml,음료,667,2+1,http://cdn2.bgfretail.com/bgfbrand/files/product/0736FBCA01A44235A6368A7E81C31D2A.jpg
206,CU(씨유),롯데)따봉청포도340ml,음료,667,2+1,http://bgf-cu.xcache.kinxcdn.com/product/8801056100889.jpg
207,CU(씨유),롯데)레쓰비솔트240ml,음료,800,2+1,http://bgf-cu.xcache.kinxcdn.com/product/8801056099497.jpg
208,CU(씨유),롯데)레쓰비연유240ml,음료,800,2+1,http://bgf-cu.xcache.kinxcdn.com/product/8801056099473.jpg
209,CU(씨유),롯데)레쓰비카페타임라떼,음료,667,2+1,http://cdn2.bgfretail.com/bgfbrand/files/product/690A2FE94FF94F7997517AD322A75D6B.jpg
210,CU(씨유),롯데)레쓰비카페타임아메,음료,667,2+1,http://bgf-cu.xcache.kinxcdn.com/product/8801056059729.jpg
211,CU(씨유),롯데)립톤복숭아P500ml,음료,1133,2+1,http://bgf-cu.xcache.kinxcdn.com/product/8801056044534.jpg
212,CU(씨유),롯데)립톤복숭아캔240ml,음료,733,2+1,http://bgf-cu.xcache.kinxcdn.com/product/8801056044473.jpg
213,CU(씨유),롯데)마시는오트밀그레인,음료,1333,2+1,http://bgf-cu.xcache.kinxcdn.com/product/8801062896301.jpg
214,CU(씨유),롯데)마시는오트밀단호박,음료,1333,2+1,http://bgf-cu.xcache.kinxcdn.com/product/8801062896288.jpg
215,CU(씨유),롯데)마시는오트밀서리태,음료,1333,2+1,http://bgf-cu.xcache.kinxcdn.com/product/8801062890361.jpg
216,CU(씨유),롯데)말랑카우소프트콘,아이스크림,1200,2+1,http://bgf-cu.xcache.kinxcdn.com/product/8801062894192.jpg
217,CU(씨유),롯데)메가톤초코,아이스크림,667,2+1,http://bgf-cu.xcache.kinxcdn.com/product/8801062887026.jpg
218,CU(씨유),롯데)명가찰떡아이스,아이스크림,1200,2+1,http://cdn2.bgfretail.com/bgfbrand/files/product/F0F59326BBF743E9B80DC5863CB65F6A.jpg
219,CU(씨유),롯데)모구모구피치아이스,아이스크림,800,2+1,http://bgf-cu.xcache.kinxcdn.com/product/8801062890958.jpg
220,CU(씨유),롯데)목까지시원한배500ml,음료,1133,2+1,http://cdn2.bgfretail.com/bgfbrand/files/product/E40FEB37FCC54B5D8E858FCB4B17805A.jpg
221,CU(씨유),롯데)목캔디믹스베리,과자류,533,2+1,http://bgf-cu.xcache.kinxcdn.com/product/8801062331772.jpg
222,CU(씨유),롯데)목캔디허브,과자류,533,2+1,http://bgf-cu.xcache.kinxcdn.com/product/8801062331673.jpg
223,CU(씨유),롯데)몬스터칙촉쇼콜라,과자류,800,2+1,http://cdn2.bgfretail.com/bgfbrand/files/product/1A0611ABD0224967AD646F2CE7A092D6.jpg
224,CU(씨유),롯데)몬스터칙촉티라미수,과자류,800,2+1,http://cdn2.bgfretail.com/bgfbrand/files/product/C075A4DC4A774A1983F94190F2BC2824.jpg
225,CU(씨유),롯데)몽쉘카카오케이크6입,과자류,2000,2+1,http://cdn2.bgfretail.com/bgfbrand/files/product/3D7058F9D8AA479CAD37627840EA9C28.jpg
226,CU(씨유),롯데)몽쉘크림케이크6입,과자류,2000,2+1,http://cdn2.bgfretail.com/bgfbrand/files/product/2C8A692316864633A090252883C13F4C.jpg
227,CU(씨유),롯데)밀키스캔340ml,음료,700,1+1,http://cdn2.bgfretail.com/bgfbrand/files/product/3F65A139D31B41B0B5869B2C15C3ABB1.jpg
228,CU(씨유),롯데)밀키스핑크소다250ml,음료,733,2+1,http://bgf-cu.xcache.kinxcdn.com/product/8801056101282.jpg
229,CU(씨유),롯데)백두산하늘샘P500ml,음료,567,2+1,http://bgf-cu.xcache.kinxcdn.com/product/8801056055349.jpg
230,CU(씨유),롯데)본가찰옥수수,아이스크림,1200,2+1,http://bgf-cu.xcache.kinxcdn.com/product/8801062435692.jpg
231,CU(씨유),롯데)스크류바,아이스크림,667,2+1,http://cdn2.bgfretail.com/bgfbrand/files/product/10C7DE073E174EF89CF9331335EAF631.jpg
232,CU(씨유),롯데)스크류바피치,아이스크림,667,2+1,http://bgf-cu.xcache.kinxcdn.com/product/8801062016655.jpg
233,CU(씨유),롯데)왓따딸기맛껌,과자류,333,2+1,http://bgf-cu.xcache.kinxcdn.com/product/8801062896370.jpg
234,CU(씨유),롯데)왓따복숭아풍선껌,과자류,333,2+1,http://cdn2.bgfretail.com/bgfbrand/files/product/3CA0F95FAD3042D08F98FAAE6AA6FB0B.jpg
235,CU(씨유),롯데)왓따스크류바풍선껌,과자류,333,2+1,http://cdn2.bgfretail.com/bgfbrand/files/product/B4F5D6934BA24323A5B16F3AB03B0B64.jpg
236,CU(씨유),롯데)왓따청포도맛껌,과자류,333,2+1,http://bgf-cu.xcache.kinxcdn.com/product/8801062016679.jpg
237,CU(씨유),롯데)왓따콜라풍선껌,과자류,333,2+1,http://cdn2.bgfretail.com/bgfbrand/files/product/8799E2A73FDE4B348C72DE10E2C28405.jpg
238,CU(씨유),롯데)월드콘,아이스크림,1200,2+1,http://bgf-cu.xcache.kinxcdn.com/product/8801062623471.jpg
239,CU(씨유),롯데)월드콘초코,아이스크림,1200,2+1,http://bgf-cu.xcache.kinxcdn.com/product/8801062889747.jpg
240,CU(씨유),롯데)젤리톡톡오렌지185ml,음료,600,1+1,http://bgf-cu.xcache.kinxcdn.com/product/8801056101930.jpg
241,CU(씨유),롯데)젤리톡톡포도185ml,음료,600,1+1,http://bgf-cu.xcache.kinxcdn.com/product/8801056101978.jpg
242,CU(씨유),롯데)죠스바,아이스크림,667,2+1,http://cdn2.bgfretail.com/bgfbrand/files/product/4DF54ABC700841A0BC06B6831A5FA0B9.jpg
243,CU(씨유),롯데)초가을우엉차P500ml,음료,1000,2+1,http://bgf-cu.xcache.kinxcdn.com/product/8801056076542.jpg
244,CU(씨유),롯데)칠성스트롱사이다P400ml,음료,1133,2+1,http://bgf-cu.xcache.kinxcdn.com/product/8801056090111.jpg
245,CU(씨유),롯데)칸타타아메리카노390,음료,1933,2+1,http://cdn2.bgfretail.com/bgfbrand/files/product/9F86BDDEA60C49CC9B206697B408266F.jpg
246,CU(씨유),롯데)칸타타아메리카노캔,음료,867,2+1,http://bgf-cu.xcache.kinxcdn.com/product/8801056048150.jpg
247,CU(씨유),롯데)칸타타프리미엄390ml,음료,1933,2+1,http://cdn2.bgfretail.com/bgfbrand/files/product/F02B2835341C470B94F93F96B6733966.jpg
248,CU(씨유),롯데)칸타타프리미엄캔,음료,867,2+1,http://bgf-cu.xcache.kinxcdn.com/product/8801056048129.jpg
249,CU(씨유),롯데)콘트라베이스P500ml,음료,1667,2+1,http://bgf-cu.xcache.kinxcdn.com/product/8801056094591.jpg
250,CU(씨유),롯데)콘트라베이스라떼500,음료,1667,2+1,http://cdn2.bgfretail.com/bgfbrand/files/product/D995E45C30564D0F88E78890B545F726.jpg
251,CU(씨유),롯데)콘트라베이스스위트,음료,1667,2+1,http://bgf-cu.xcache.kinxcdn.com/product/8801056102036.jpg
252,CU(씨유),롯데)콘트라블랙온장P400,음료,1533,2+1,http://bgf-cu.xcache.kinxcdn.com/product/8801056104566.jpg
253,CU(씨유),롯데)크런키더블크런치바,아이스크림,667,2+1,http://cdn2.bgfretail.com/bgfbrand/files/product/691637A386EB4DB9831CD008508DE2B1.jpg
254,CU(씨유),롯데)크런키바월드콘맛,아이스크림,800,2+1,http://bgf-cu.xcache.kinxcdn.com/product/8801062891825.jpg
255,CU(씨유),롯데)크런키초콜릿,과자류,667,2+1,http://bgf-cu.xcache.kinxcdn.com/product/8801062628476.jpg
256,CU(씨유),롯데)키세스밀크52g,과자류,1000,1+1,http://cdn2.bgfretail.com/bgfbrand/files/product/46F43F59E16749F6AFE7ABF1F8208200.jpg
257,CU(씨유),롯데)키세스아몬드52g,과자류,1000,1+1,http://cdn2.bgfretail.com/bgfbrand/files/product/E89953B4981C4A70A10C26B547DCF2FB.jpg
258,CU(씨유),롯데)키세스쿠앤크52g,과자류,1000,1+1,http://cdn2.bgfretail.com/bgfbrand/files/product/B2978DCC405046DF9CC9EDD416E50736.jpg
259,CU(씨유),롯데)핑크퐁오렌망고235ml,음료,800,2+1,http://bgf-cu.xcache.kinxcdn.com/product/8801056088156.jpg
260,CU(씨유),롯데)핑크퐁포도사과235ml,음료,800,2+1,http://bgf-cu.xcache.kinxcdn.com/product/8801056088170.jpg
261,CU(씨유),롯데)하비스트달콤고소,과자류,1000,2+1,http://bgf-cu.xcache.kinxcdn.com/product/8801062896806.jpg
262,CU(씨유),롯데)한끼스무디250ml,음료,1000,2+1,http://bgf-cu.xcache.kinxcdn.com/product/8801056097585.jpg
263,CU(씨유),롯데)한컵피나콜라다250ml,음료,1000,2+1,http://bgf-cu.xcache.kinxcdn.com/product/8801056100919.jpg
264,CU(씨유),롯데)허니레몬배P280ml,음료,1000,2+1,http://bgf-cu.xcache.kinxcdn.com/product/8801056098216.jpg
265,CU(씨유),롯데푸드)CVS구구콘,아이스크림,1200,2+1,http://bgf-cu.xcache.kinxcdn.com/product/8801118250606.jpg
266,CU(씨유),롯데푸드)국화빵,아이스크림,1200,2+1,http://bgf-cu.xcache.kinxcdn.com/product/8801118251269.jpg
267,CU(씨유),롯데푸드)돼지콘,아이스크림,1200,2+1,http://cdn2.bgfretail.com/bgfbrand/files/product/C941CBB068274B0D823D07D849FA39D5.jpg
268,CU(씨유),롯데푸드)별난바,아이스크림,667,2+1,http://bgf-cu.xcache.kinxcdn.com/product/8801118255229.jpg
269,CU(씨유),롯데푸드)빵빠레바닐라,아이스크림,1200,2+1,http://cdn2.bgfretail.com/bgfbrand/files/product/B1E53B8956674268B97D666B459EC177.jpg
270,CU(씨유),롯데푸드)빵빠레초코,아이스크림,1200,2+1,http://bgf-cu.xcache.kinxcdn.com/product/8801118251313.jpg
271,CU(씨유),리엔)크림염색제흑갈색,생활용품,5950,1+1,http://bgf-cu.xcache.kinxcdn.com/product/8801051385410.jpg
272,CU(씨유),마그)해보삼,음료,1950,1+1,http://bgf-cu.xcache.kinxcdn.com/product/8809574510036.jpg
273,CU(씨유),마미)미고랭오리지널,식품,800,2+1,http://bgf-cu.xcache.kinxcdn.com/product/9555022301600.jpg
274,CU(씨유),마미)쉐프톰양소컵,식품,800,2+1,http://bgf-cu.xcache.kinxcdn.com/product/9555022304526.jpg
275,CU(씨유),마즈)스니커즈땅콩,과자류,800,2+1,http://cdn2.bgfretail.com/bgfbrand/files/product/145D3EC2E051476A896A5F53C9F34255.jpg
276,CU(씨유),마즈)스니커즈아몬드,과자류,800,2+1,http://bgf-cu.xcache.kinxcdn.com/product/0000000401050.jpg
277,CU(씨유),마즈)스니커즈헤이즐넛,과자류,1133,2+1,http://cdn2.bgfretail.com/bgfbrand/files/product/93250547101A4221B55C99B06E57ADB0.jpg
278,CU(씨유),마즈)엠앤엠즈픽앤믹스,과자류,333,2+1,http://bgf-cu.xcache.kinxcdn.com/product/0000088017907.jpg
279,CU(씨유),마즈)트윅스미니초콜릿,과자류,200,2+1,http://bgf-cu.xcache.kinxcdn.com/product/0000040111896.jpg
280,CU(씨유),매일)네이처밸리아몬드,과자류,600,1+1,http://bgf-cu.xcache.kinxcdn.com/product/8410076801012.jpg
281,CU(씨유),매일)네이처밸리오츠베리,과자류,600,1+1,http://bgf-cu.xcache.kinxcdn.com/product/8410076801029.jpg
282,CU(씨유),매일)두유99.89팩190ml,음료,667,2+1,http://cdn2.bgfretail.com/bgfbrand/files/product/7D50F5959575422AB47BACB7070E7EE5.jpg
283,CU(씨유),매일)바리스타드립라떼325,음료,1667,2+1,http://cdn2.bgfretail.com/bgfbrand/files/product/905E8CBFB75B4035B29B38BF3B5EA769.jpg
284,CU(씨유),매일)바리스타바닐라빈325,음료,1667,2+1,http://cdn2.bgfretail.com/bgfbrand/files/product/0966F3D4FD8B474786C0BD8BD67D7D10.jpg
285,CU(씨유),매일)바리스타블랙컵325,음료,1667,2+1,http://cdn2.bgfretail.com/bgfbrand/files/product/DD5B6C419EB4439BB173017AE37D9B7D.jpg
286,CU(씨유),매일)상하유기농멸균200ml,음료,1000,2+1,http://bgf-cu.xcache.kinxcdn.com/product/0000088004648.jpg
287,CU(씨유),매일)상하유기농저지방200,음료,1000,2+1,http://bgf-cu.xcache.kinxcdn.com/product/8801121020036.jpg
288,CU(씨유),매일)식이섬유두유팩190ml,음료,667,2+1,http://cdn2.bgfretail.com/bgfbrand/files/product/F05E05AFEB9549DDB4A65D8F7E566095.jpg
289,CU(씨유),매일)썬업과일야채녹황,음료,1000,2+1,http://cdn2.bgfretail.com/bgfbrand/files/product/62AC8A989F4243F7BAA33E5770A39C27.jpg
290,CU(씨유),매일)썬업과일야채레드,음료,1000,2+1,http://bgf-cu.xcache.kinxcdn.com/product/8801121752296.jpg
291,CU(씨유),매일)썬업과일야채퍼플,음료,1000,2+1,http://cdn2.bgfretail.com/bgfbrand/files/product/BD02498DCEB54DBAB59EAC14C3896804.jpg
292,CU(씨유),매일)아몬드브리즈190ml,음료,667,2+1,http://cdn2.bgfretail.com/bgfbrand/files/product/92C47F364FFB4447A1107F8A5F4736A1.jpg
293,CU(씨유),매일)아몬드브리즈바나나190ml,음료,800,2+1,http://cdn2.bgfretail.com/bgfbrand/files/product/BC306EE260CA4604887567D6404F0DAC.jpg
294,CU(씨유),매일)아몬드브리즈초콜릿190ml,음료,800,2+1,http://cdn2.bgfretail.com/bgfbrand/files/product/5F7692E4700B4C2B8493C235F8B3ACC4.jpg
295,CU(씨유),매일)엔요100ml,음료,333,2+1,http://bgf-cu.xcache.kinxcdn.com/product/8801121772416.jpg
296,CU(씨유),매일)우유속딸기,음료,1000,2+1,http://bgf-cu.xcache.kinxcdn.com/product/8801121103388.jpg
297,CU(씨유),매일)우유속망고패션후르츠,음료,1000,2+1,http://bgf-cu.xcache.kinxcdn.com/product/8801121023853.jpg
298,CU(씨유),매일)우유속코코아310ml,음료,1000,2+1,http://cdn2.bgfretail.com/bgfbrand/files/product/0FE308BC764A4737922D06DFC47C5C9B.jpg
299,CU(씨유),매일)카페라떼말차아몬드,음료,1067,2+1,http://bgf-cu.xcache.kinxcdn.com/product/8801121025857.jpg
300,CU(씨유),매일)커피속흑당카페돌체,음료,1000,2+1,http://bgf-cu.xcache.kinxcdn.com/product/8801121767450.jpg
301,CU(씨유),매일)페레로누텔라앤고,과자류,1467,2+1,http://bgf-cu.xcache.kinxcdn.com/product/0009800800056.jpg
302,CU(씨유),먼지몬지)위생마스크5입,생활용품,1667,2+1,http://bgf-cu.xcache.kinxcdn.com/product/8809449730460.jpg
303,CU(씨유),먼지몬지)황사마스크10매,생활용품,9950,1+1,http://bgf-cu.xcache.kinxcdn.com/product/8809449730538.jpg
304,CU(씨유),메디안)치석케어치약,생활용품,2250,1+1,http://cdn2.bgfretail.com/bgfbrand/files/product/E325E3F44D504CA89B9F4F711597DAE9.jpg
305,CU(씨유),면)미트토마토파스타,식품,2600,2+1,http://bgf-cu.xcache.kinxcdn.com/product/8801068377804.jpg
306,CU(씨유),명도)레알감자23g,과자류,500,1+1,http://bgf-cu.xcache.kinxcdn.com/product/8809394830956.jpg
307,CU(씨유),미성)바비립캔디,과자류,500,1+1,http://bgf-cu.xcache.kinxcdn.com/product/6939495521858.jpg
308,CU(씨유),미성)오키오구미복숭아,과자류,1000,2+1,http://bgf-cu.xcache.kinxcdn.com/product/9556437014635.jpg
309,CU(씨유),바나실)면마스크검정색,생활용품,1333,2+1,http://bgf-cu.xcache.kinxcdn.com/product/8809471231270.jpg
310,CU(씨유),바나실)면마스크흰색,생활용품,1333,2+1,http://bgf-cu.xcache.kinxcdn.com/product/8809471231287.jpg
311,CU(씨유),바디)내몸에순한면대16입,생활용품,5267,2+1,http://cdn2.bgfretail.com/bgfbrand/files/product/F49824F79EE74FD0BD993157EB8DA352.jpg
312,CU(씨유),바디)내몸에순한면중18입,생활용품,5267,2+1,http://bgf-cu.xcache.kinxcdn.com/product/8809299234828.jpg
313,CU(씨유),바디)내몸에순한면중4입,생활용품,1333,2+1,http://cdn2.bgfretail.com/bgfbrand/files/product/B678105A71C242ECA7EC8514A9C58D04.jpg
314,CU(씨유),바디)볼록맞춤울날중4입,생활용품,1033,2+1,http://cdn2.bgfretail.com/bgfbrand/files/product/14EE467729134029913FF956BE9AB112.jpg
315,CU(씨유),바디)순간흡수울날중4입,생활용품,1033,2+1,http://cdn2.bgfretail.com/bgfbrand/files/product/6758A0C0046141D49CE00B7382A54D03.jpg
316,CU(씨유),바디)순한면슈퍼롱3입,생활용품,2333,2+1,http://cdn2.bgfretail.com/bgfbrand/files/product/ABE2DE12747E4802BD295A7BDEE77D3C.jpg
317,CU(씨유),본죽)단호박죽,식품,2400,2+1,http://bgf-cu.xcache.kinxcdn.com/product/8809310071364.jpg
318,CU(씨유),본죽)쇠고기죽,식품,2400,2+1,http://bgf-cu.xcache.kinxcdn.com/product/8809310070411.jpg
319,CU(씨유),본죽)통단팥죽,식품,2400,2+1,http://bgf-cu.xcache.kinxcdn.com/product/8809310071371.jpg
320,CU(씨유),빙그레)곤약젤리망고패션,식품,1000,1+1,http://bgf-cu.xcache.kinxcdn.com/product/8801104664295.jpg
321,CU(씨유),빙그레)곤약젤리피치자두,식품,1000,1+1,http://bgf-cu.xcache.kinxcdn.com/product/8801104664318.jpg
322,CU(씨유),빙그레)끌레도르바닐라바,아이스크림,1333,2+1,http://cdn2.bgfretail.com/bgfbrand/files/product/84A839841BDC4BC8998B7C533AB67192.jpg
323,CU(씨유),빙그레)끌레도르블루베리,아이스크림,1333,2+1,http://bgf-cu.xcache.kinxcdn.com/product/8801104663175.jpg
324,CU(씨유),빙그레)끌레도르쿠키크림,아이스크림,1333,2+1,http://cdn2.bgfretail.com/bgfbrand/files/product/2C8E884CCC5547B0A6B1A314DD1A7EF9.jpg
325,CU(씨유),빙그레)끌레도르크림치즈,아이스크림,1333,2+1,http://cdn2.bgfretail.com/bgfbrand/files/product/A7981BBD6C7344828C680A7ABE6FA33C.jpg
326,CU(씨유),빙그레)농부의선물190ml,음료,800,2+1,http://bgf-cu.xcache.kinxcdn.com/product/8801104665674.jpg
327,CU(씨유),빙그레)떡붕어싸만코,아이스크림,1200,2+1,http://bgf-cu.xcache.kinxcdn.com/product/8801104306928.jpg
328,CU(씨유),빙그레)메로나코코넛,아이스크림,500,1+1,http://bgf-cu.xcache.kinxcdn.com/product/8801104664554.jpg
329,CU(씨유),빙그레)부드러운빵또아,아이스크림,1200,2+1,http://bgf-cu.xcache.kinxcdn.com/product/8801104307048.jpg
330,CU(씨유),빙그레)비비빅흑임자바,아이스크림,800,2+1,http://bgf-cu.xcache.kinxcdn.com/product/8801104664158.jpg
331,CU(씨유),빙그레)뽀로로젤리,과자류,600,1+1,http://cdn2.bgfretail.com/bgfbrand/files/product/0862D432C0DA4FF1BAFF412CDAB2813B.jpg
332,CU(씨유),빙그레)뿌려먹는모짜렐라,식품,667,2+1,http://bgf-cu.xcache.kinxcdn.com/product/8801104665506.jpg
333,CU(씨유),빙그레)슈퍼콘딸기,아이스크림,900,1+1,http://bgf-cu.xcache.kinxcdn.com/product/8801104664271.jpg
334,CU(씨유),빙그레)슈퍼콘초코,아이스크림,900,1+1,http://bgf-cu.xcache.kinxcdn.com/product/8801104304351.jpg
335,CU(씨유),빙그레)아카페라UP라떼350,음료,1467,2+1,http://cdn2.bgfretail.com/bgfbrand/files/product/1AE4A87FB05F4E8D840C59AD39BC1F4B.jpg
336,CU(씨유),빙그레)아카페라UP스윗350,음료,1467,2+1,http://cdn2.bgfretail.com/bgfbrand/files/product/8953E9A6B98240E9835EB93A5683B767.jpg
337,CU(씨유),빙그레)아카페라UP아메350,음료,1467,2+1,http://cdn2.bgfretail.com/bgfbrand/files/product/B24A424F4EC94D41904990318A474873.jpg
338,CU(씨유),빙그레)아카페라바닐라P,음료,1067,2+1,http://cdn2.bgfretail.com/bgfbrand/files/product/99DB22912FE24B2A84CE9D52B8281BD3.jpg
339,CU(씨유),빙그레)아카페라카라멜P,음료,1067,2+1,http://cdn2.bgfretail.com/bgfbrand/files/product/CC874E4350AA488C9492FE62A9A787B8.jpg
340,CU(씨유),빙그레)오프룻딸기컵,음료,1267,2+1,http://bgf-cu.xcache.kinxcdn.com/product/8801104273602.jpg
341,CU(씨유),빙그레)오프룻복숭아컵,음료,1267,2+1,http://bgf-cu.xcache.kinxcdn.com/product/8801104303989_빙그레)오프룻복숭아컵.jpg
342,CU(씨유),빙그레)쥬시쿨감귤에이드,음료,1000,2+1,http://bgf-cu.xcache.kinxcdn.com/product/8801104308489.jpg
343,CU(씨유),빙그레)쥬시쿨사과에이드,음료,1000,2+1,http://bgf-cu.xcache.kinxcdn.com/product/8801104308502.jpg
344,CU(씨유),빙그레)쥬시쿨젤리자두,과자류,600,1+1,http://cdn2.bgfretail.com/bgfbrand/files/product/804A4B9EA3B5473FB9BD813406A30A19.jpg
345,CU(씨유),빙그레)쥬시쿨젤리청포도,과자류,600,1+1,http://cdn2.bgfretail.com/bgfbrand/files/product/57896F38496F4FC1B2699EF19CB1DE6A.jpg
346,CU(씨유),빙그레)크림치즈롤케익,과자류,1667,2+1,http://bgf-cu.xcache.kinxcdn.com/product/8801104664882.jpg
347,CU(씨유),빽다방)바니바닐라떼P300,음료,1267,2+1,http://cdn2.bgfretail.com/bgfbrand/files/product/8254484433EC429F914A245D45EF699F.jpg
348,CU(씨유),빽다방)황금라떼P300,음료,1267,2+1,http://cdn2.bgfretail.com/bgfbrand/files/product/5F0AEB2A220C4F6EB8C0DE76599AA0C5.jpg
349,CU(씨유),사조)구운육포,식품,2533,2+1,http://bgf-cu.xcache.kinxcdn.com/product/8801039001745.jpg
350,CU(씨유),사조)오리지널육포,식품,2533,2+1,http://bgf-cu.xcache.kinxcdn.com/product/8801039939772.jpg
351,CU(씨유),사조)한입피자고르곤졸라,식품,1267,2+1,http://bgf-cu.xcache.kinxcdn.com/product/8801066056732.jpg
352,CU(씨유),사조)한입피자콤비네이션,식품,1267,2+1,http://bgf-cu.xcache.kinxcdn.com/product/8801066056619.jpg
353,CU(씨유),삼립)오븐에구운도넛,식품,600,2+1,http://bgf-cu.xcache.kinxcdn.com/product/8801068377705.jpg
354,CU(씨유),삼양)마라오징어,식품,3000,2+1,http://bgf-cu.xcache.kinxcdn.com/product/8801073311121.jpg
355,CU(씨유),삼양)마라탕면컵,식품,1067,2+1,http://bgf-cu.xcache.kinxcdn.com/product/8801073211988.jpg
356,CU(씨유),삼양)사또밥오징어,과자류,3000,2+1,http://bgf-cu.xcache.kinxcdn.com/product/8801073311015.jpg
357,CU(씨유),삼양)쇠고기면컵,식품,733,2+1,http://bgf-cu.xcache.kinxcdn.com/product/8801073212244.jpg
358,CU(씨유),삼양사)상쾌환,식품,1933,2+1,http://bgf-cu.xcache.kinxcdn.com/product/8801013770087.jpg
359,CU(씨유),삼양사)상쾌환3입기획팩,식품,5667,2+1,http://bgf-cu.xcache.kinxcdn.com/product/8801013770155.jpg
360,CU(씨유),샐)고구마그래놀라샐러드,식품,3200,2+1,http://bgf-cu.xcache.kinxcdn.com/product/8801068115178.jpg
361,CU(씨유),샐)골든치킨텐더볼샐러드,식품,3200,2+1,http://bgf-cu.xcache.kinxcdn.com/product/8801068373448.jpg
362,CU(씨유),샐)에그가먼저닭샐러드,식품,2333,2+1,http://bgf-cu.xcache.kinxcdn.com/product/8801068378887.jpg
363,CU(씨유),샐)치킨찹찹샐러드,식품,2333,2+1,http://bgf-cu.xcache.kinxcdn.com/product/8801068371857.jpg
364,CU(씨유),샐)퀴노아바질샐러드,식품,2333,2+1,http://bgf-cu.xcache.kinxcdn.com/product/8801068371864.jpg
365,CU(씨유),샐)프로방스치킨샐러드,식품,2333,2+1,http://bgf-cu.xcache.kinxcdn.com/product/8801068373547.jpg
366,CU(씨유),샘표)질러직화육포,식품,3867,2+1,http://bgf-cu.xcache.kinxcdn.com/product/8801005013307.jpg
367,CU(씨유),샘표)질러치즈를품은비프,식품,2667,2+1,http://bgf-cu.xcache.kinxcdn.com/product/8801005013390.jpg
368,CU(씨유),서울)딸기우유300ml,음료,1000,2+1,http://bgf-cu.xcache.kinxcdn.com/product/8801115134213.jpg
369,CU(씨유),서울)바나나우유200ml,음료,633,2+1,http://cdn2.bgfretail.com/bgfbrand/files/product/92525D14DFDF44AFB0EBDD9EF19F3360.jpg
370,CU(씨유),서울)복숭아우유300ml,음료,1000,2+1,http://bgf-cu.xcache.kinxcdn.com/product/8801115119777.jpg
371,CU(씨유),서울)스페셜티디카라떼300,음료,1533,2+1,http://bgf-cu.xcache.kinxcdn.com/product/8801115381907.jpg
372,CU(씨유),서울)스페셜티디카아메300,음료,1533,2+1,http://bgf-cu.xcache.kinxcdn.com/product/8801115381891.jpg
373,CU(씨유),서울)아침에주스오렌지210,음료,800,2+1,http://cdn2.bgfretail.com/bgfbrand/files/product/DD88C27095E54A8CA43585E3C44A7A15.jpg
374,CU(씨유),서울)아침에주스포도210ml,음료,800,2+1,http://cdn2.bgfretail.com/bgfbrand/files/product/104DA807145A43139B5CA9970A8B6B87.jpg
375,CU(씨유),서울)초코우유300ml,음료,1000,2+1,http://bgf-cu.xcache.kinxcdn.com/product/8801115134220.jpg
376,CU(씨유),서울)커피300ml,음료,1000,2+1,http://bgf-cu.xcache.kinxcdn.com/product/8801115135708_서울)커피300ml.jpg
377,CU(씨유),서울)호박고구마우유300ml,음료,1000,2+1,http://bgf-cu.xcache.kinxcdn.com/product/8801115119784.jpg
378,CU(씨유),서울)흰우유밀크랩180ml,음료,633,2+1,http://cdn2.bgfretail.com/bgfbrand/files/product/47421B1D7CC04AE49C137D85E7857AE4.jpg
379,CU(씨유),순수한면)제로순면대14입,생활용품,4100,1+1,http://cdn2.bgfretail.com/bgfbrand/files/product/AA19323E21B74648AB131A09F30AC7E6.jpg
380,CU(씨유),순수한면)제로순면중16입,생활용품,4100,1+1,http://cdn2.bgfretail.com/bgfbrand/files/product/886B3DA7F44D4D028C260C4DFDA3B6ED.jpg
381,CU(씨유),시아스)뚝배기닭개장국밥,식품,1950,1+1,http://bgf-cu.xcache.kinxcdn.com/product/8809489617820.jpg
382,CU(씨유),시아스)뚝배기만두국밥,식품,1950,1+1,http://bgf-cu.xcache.kinxcdn.com/product/8809489617837.jpg
383,CU(씨유),썬푸드)구운노가리,식품,1667,2+1,http://bgf-cu.xcache.kinxcdn.com/product/8801149405136.jpg
384,CU(씨유),썬푸드)꼬마쥐포구이,식품,1667,2+1,http://bgf-cu.xcache.kinxcdn.com/product/8801149405402.jpg
385,CU(씨유),썬푸드)맥반석오징어,식품,1667,2+1,http://bgf-cu.xcache.kinxcdn.com/product/8801149405372.jpg
386,CU(씨유),썬푸드)바베큐오징어,식품,1667,2+1,http://bgf-cu.xcache.kinxcdn.com/product/8801149405259.jpg
387,CU(씨유),썬푸드)올리브유쥐포,식품,1667,2+1,http://bgf-cu.xcache.kinxcdn.com/product/8801149405211.jpg
388,CU(씨유),씨즈)헤이즐넛라떼원컵,음료,1000,2+1,http://bgf-cu.xcache.kinxcdn.com/product/8804751613012.jpg
389,CU(씨유),아띠)에스더바닐라와퍼60g,과자류,600,1+1,http://bgf-cu.xcache.kinxcdn.com/product/8993083937375.jpg
390,CU(씨유),아띠)에스더초콜릿와퍼60g,과자류,600,1+1,http://bgf-cu.xcache.kinxcdn.com/product/8993083937368.jpg
391,CU(씨유),야쿠)오늘의야채오리250ml,음료,1533,2+1,http://bgf-cu.xcache.kinxcdn.com/product/8801128280426.jpg
392,CU(씨유),야쿠)오늘의야채퍼플250ml,음료,1533,2+1,http://bgf-cu.xcache.kinxcdn.com/product/8801128280433.jpg
393,CU(씨유),에어워셔)블랙황사마스크,생활용품,1667,2+1,http://bgf-cu.xcache.kinxcdn.com/product/8801051029093.jpg
394,CU(씨유),엘지)순수물티슈70매,생활용품,1750,1+1,http://bgf-cu.xcache.kinxcdn.com/product/8801051121650.jpg
395,CU(씨유),엠치)안티파흐멜린,생활용품,2500,1+1,http://bgf-cu.xcache.kinxcdn.com/product/4630017310296.jpg
396,CU(씨유),연세)런닝맨사과190ml,음료,667,2+1,http://cdn2.bgfretail.com/bgfbrand/files/product/0896BEA3FD49434EB30D86518F9A9267.jpg
397,CU(씨유),연세)마카다미아초코190ml,음료,667,2+1,http://cdn2.bgfretail.com/bgfbrand/files/product/D98555024A1D4E199D7AD1407A400EB1.jpg
398,CU(씨유),오뚜기)간편고등어구이,식품,2667,2+1,http://bgf-cu.xcache.kinxcdn.com/product/8801045720210.jpg
399,CU(씨유),오뚜기)고소한도가니볶음,식품,5933,2+1,http://bgf-cu.xcache.kinxcdn.com/product/8801045931654.jpg
400,CU(씨유),오뚜기)마라샹궈면,식품,1000,2+1,http://bgf-cu.xcache.kinxcdn.com/product/8801045526072.jpg
401,CU(씨유),오뚜기)매콤한도가니볶음,식품,5933,2+1,http://bgf-cu.xcache.kinxcdn.com/product/8801045931647.jpg
402,CU(씨유),오뚜기)열라면컵,식품,633,2+1,http://cdn2.bgfretail.com/bgfbrand/files/product/9C6E2738033D48668165A0BEB4B9D265.jpg
403,CU(씨유),오뚜기)오감포차칠리새우,식품,5933,2+1,http://bgf-cu.xcache.kinxcdn.com/product/8801045931630.jpg
404,CU(씨유),오뚜기)육개장사발컵,식품,567,2+1,http://bgf-cu.xcache.kinxcdn.com/product/8801045570136.jpg
405,CU(씨유),오뚜기)진짬뽕,식품,1000,2+1,http://cdn2.bgfretail.com/bgfbrand/files/product/1B94C97F5CED4A4B84319A841E30B17B.jpg
406,CU(씨유),오뚜기)진짬뽕컵,식품,1067,2+1,http://cdn2.bgfretail.com/bgfbrand/files/product/B303B1C39C83443B9453D20B093897C7.jpg
407,CU(씨유),오뚜기)컵밥맛집김치찌개밥,식품,2333,2+1,http://bgf-cu.xcache.kinxcdn.com/product/8801045892634.jpg
408,CU(씨유),오뚜기)컵밥버터장조림,식품,2333,2+1,http://bgf-cu.xcache.kinxcdn.com/product/8801045892849.jpg
409,CU(씨유),오뚜기)컵밥부대찌개밥,식품,2333,2+1,http://bgf-cu.xcache.kinxcdn.com/product/8801045892283.jpg
410,CU(씨유),오뚜기)컵밥불닭마요덮밥,식품,2333,2+1,http://bgf-cu.xcache.kinxcdn.com/product/8801045892658.jpg
411,CU(씨유),오뚜기)컵밥소시지카레,식품,2333,2+1,http://bgf-cu.xcache.kinxcdn.com/product/8801045592862.jpg
412,CU(씨유),오뚜기)컵밥오삼불고기덮밥,식품,2333,2+1,http://bgf-cu.xcache.kinxcdn.com/product/8801045892221.jpg
413,CU(씨유),오뚜기)컵밥참치마요덮밥,식품,2333,2+1,http://bgf-cu.xcache.kinxcdn.com/product/8801045892641.jpg
414,CU(씨유),오뚜기)컵밥톡톡김치알밥,식품,2333,2+1,http://bgf-cu.xcache.kinxcdn.com/product/8801045892344.jpg
415,CU(씨유),오뚜기)컵스프갈릭크림,식품,1200,2+1,http://bgf-cu.xcache.kinxcdn.com/product/8801045050423.jpg
416,CU(씨유),오뚜기)컵스프버섯크림,식품,1200,2+1,http://bgf-cu.xcache.kinxcdn.com/product/8801045050430.jpg
417,CU(씨유),오랄비)후레쉬칫솔,생활용품,900,1+1,http://cdn2.bgfretail.com/bgfbrand/files/product/D323659070374DADB589D18BC91351EA.jpg
418,CU(씨유),오리온)그래놀라바검은콩,식품,800,2+1,http://cdn2.bgfretail.com/bgfbrand/files/product/151363126FCE4B09B44144D1FA0F0FE7.jpg
419,CU(씨유),오리온)그래놀라바단호박,식품,800,2+1,http://cdn2.bgfretail.com/bgfbrand/files/product/A9C6881D695E4AB9AF8C292FE63DFEBF.jpg
420,CU(씨유),오리온)그래놀라바무화과,식품,800,2+1,http://cdn2.bgfretail.com/bgfbrand/files/product/C6D0D6F88FF7455FB6F9CF4488CED596.jpg
421,CU(씨유),오리온)눈을감자56g,과자류,1000,2+1,http://cdn2.bgfretail.com/bgfbrand/files/product/F6676A9B90044705A50B2C65DB3A8652.jpg
422,CU(씨유),오리온)눈을감자오지치즈,과자류,1000,2+1,http://bgf-cu.xcache.kinxcdn.com/product/8801117683702.jpg
423,CU(씨유),오리온)마이구미딸기,과자류,667,2+1,http://bgf-cu.xcache.kinxcdn.com/product/8801117346300.jpg
424,CU(씨유),오리온)마이구미복숭아,과자류,667,2+1,http://cdn2.bgfretail.com/bgfbrand/files/product/1EA485FB76344FFB8F399641F467572C.jpg
425,CU(씨유),오리온)마이구미포도1000,과자류,667,2+1,http://bgf-cu.xcache.kinxcdn.com/product/8801117339708.jpg
426,CU(씨유),오리온)치킨팝닭강정맛,과자류,667,2+1,http://bgf-cu.xcache.kinxcdn.com/product/8801117674601.jpg
427,CU(씨유),오리온)통크,과자류,800,2+1,http://cdn2.bgfretail.com/bgfbrand/files/product/C76697F71BA4476AA36FD44A9C648A93.jpg
428,CU(씨유),오리온)파스타칩스파이시,과자류,1000,2+1,http://bgf-cu.xcache.kinxcdn.com/product/8801117131708.jpg
429,CU(씨유),오리온)포카칩구운마늘맛,과자류,1000,2+1,http://bgf-cu.xcache.kinxcdn.com/product/8801117678302.jpg
430,CU(씨유),오리온)포카칩땡초간장맛,과자류,1000,2+1,http://bgf-cu.xcache.kinxcdn.com/product/8801117682101.jpg
431,CU(씨유),온더바디)레몬클렌징폼,생활용품,2450,1+1,http://cdn2.bgfretail.com/bgfbrand/files/product/A211004E55894E63899A4B9F075BCA0C.jpg
432,CU(씨유),웅진)결명자차P500ml,음료,1000,2+1,http://cdn2.bgfretail.com/bgfbrand/files/product/84EA83C693DF47468028995DD0446B80.jpg
433,CU(씨유),웅진)아침햇살병180ml,음료,800,2+1,http://cdn2.bgfretail.com/bgfbrand/files/product/0F84E5F3B2804C5BB3D3008889E9D592.jpg
434,CU(씨유),웅진)오곡누룽지P500ml,음료,1000,2+1,http://cdn2.bgfretail.com/bgfbrand/files/product/55225C467BE74C40A169B358D5E9C21D.jpg
435,CU(씨유),웅진)이온더핏500ml,음료,1333,2+1,http://bgf-cu.xcache.kinxcdn.com/product/8801382147589.jpg
436,CU(씨유),웅진)자연은감귤병180ml,음료,667,2+1,http://bgf-cu.xcache.kinxcdn.com/product/8801382127925.jpg
437,CU(씨유),웅진)자연은토마토병180ml,음료,800,2+1,http://bgf-cu.xcache.kinxcdn.com/product/8801382127697.jpg
438,CU(씨유),웅진)초록매실병180ml,음료,800,2+1,http://cdn2.bgfretail.com/bgfbrand/files/product/8801382126539.jpg
439,CU(씨유),유성)유동번데기130g,식품,1467,2+1,http://cdn2.bgfretail.com/bgfbrand/files/product/1BF24B239B5F4A65987272DC041F9D11.jpg
440,CU(씨유),일동)카카오닙스차P500ml,음료,1133,2+1,http://cdn2.bgfretail.com/bgfbrand/files/product/297B572F71F04C39ABDC195218CA5A3A.jpg
441,CU(씨유),일신)리콜라글라시민트,과자류,1000,1+1,http://bgf-cu.xcache.kinxcdn.com/product/7610700008683.jpg
442,CU(씨유),일신)리콜라허브레몬,과자류,1000,1+1,http://bgf-cu.xcache.kinxcdn.com/product/7610700607046.jpg
443,CU(씨유),일화)맥콜P500ml,음료,1133,2+1,http://bgf-cu.xcache.kinxcdn.com/product/8801223100261.jpg
444,CU(씨유),일화)맥콜캔250ml,음료,800,2+1,http://cdn2.bgfretail.com/bgfbrand/files/product/B1239C06FB73464A98C50912DFBD9C89.jpg
445,CU(씨유),일화)초정탄산수P500ml,음료,933,2+1,http://cdn2.bgfretail.com/bgfbrand/files/product/84F53C29BBD24C70A4E25B168FA9EC08.jpg
446,CU(씨유),정관장)밸런스핏,식품,2250,3+1,http://bgf-cu.xcache.kinxcdn.com/product/8809535596611.jpg
447,CU(씨유),정관장)홍삼원파우치100ml,음료,1000,2+1,http://cdn2.bgfretail.com/bgfbrand/files/product/D25F9418D98546EB9CF2834A803F1C4F.jpg
448,CU(씨유),정식품)검은콩베지밀팩,음료,667,2+1,http://cdn2.bgfretail.com/bgfbrand/files/product/45C3F62F11ED46A6ABDFBC0999EF3690.jpg
449,CU(씨유),정식품)베지밀B검은콩병,음료,933,2+1,http://cdn2.bgfretail.com/bgfbrand/files/product/2919EC4F874F447A8974C04D95E9372C.jpg
450,CU(씨유),정식품)베지밀국산검은콩,음료,1000,2+1,http://cdn2.bgfretail.com/bgfbrand/files/product/A8628AEEA70744A7B9D16DB70C4E912F.jpg
451,CU(씨유),정식품)베지밀한끼두유병,음료,933,2+1,http://bgf-cu.xcache.kinxcdn.com/product/8801033805073.jpg
452,CU(씨유),정식품)아몬드호두병190ml,음료,933,2+1,http://cdn2.bgfretail.com/bgfbrand/files/product/38C8F06DCF514E2AAEDDECC58F4CE4F4.jpg
453,CU(씨유),조세호빵)고구마치즈1입,식품,933,2+1,http://bgf-cu.xcache.kinxcdn.com/product/8801068381139.jpg
454,CU(씨유),조세호빵)닭강정1입,식품,933,2+1,http://bgf-cu.xcache.kinxcdn.com/product/8801068380682.jpg
455,CU(씨유),조세호빵)양념갈비1입,식품,933,2+1,http://bgf-cu.xcache.kinxcdn.com/product/8801068380699.jpg
456,CU(씨유),조세호빵)제주흑돼지1입,식품,933,2+1,http://bgf-cu.xcache.kinxcdn.com/product/8801068381122.jpg
457,CU(씨유),좋은)순면롱라이너18입,생활용품,1950,1+1,http://cdn2.bgfretail.com/bgfbrand/files/product/56524BFC86034C649E5F0836FD5E8435.jpg
458,CU(씨유),좋은)순면울날대16입N,생활용품,4450,1+1,http://bgf-cu.xcache.kinxcdn.com/product/8801166231367.jpg
459,CU(씨유),좋은)순면울날중18입N,생활용품,4450,1+1,http://bgf-cu.xcache.kinxcdn.com/product/8801166234153.jpg
460,CU(씨유),좋은)오가닉수퍼롱오버8입,생활용품,3900,1+1,http://bgf-cu.xcache.kinxcdn.com/product/8801166232753.jpg
461,CU(씨유),좋은)오가닉슬날대14입,생활용품,4200,1+1,http://cdn2.bgfretail.com/bgfbrand/files/product/FE4DAAD626804780BD36B47C3F22D95F.jpg
462,CU(씨유),좋은)오가닉슬날중14입,생활용품,3650,1+1,http://cdn2.bgfretail.com/bgfbrand/files/product/924124A5FB3640CE84BD317ACFE9B4E2.jpg
463,CU(씨유),좋은)울날중4입N,생활용품,1200,2+1,http://cdn2.bgfretail.com/bgfbrand/files/product/DA22E1FD23224706BE2A6E75B0C53FAC.jpg
464,CU(씨유),커피엔)거꾸로초코블랑,과자류,667,2+1,http://bgf-cu.xcache.kinxcdn.com/product/8801068380910.jpg
465,CU(씨유),커피엔)든든왕만쥬,과자류,667,2+1,http://bgf-cu.xcache.kinxcdn.com/product/8801068374278.jpg
466,CU(씨유),커피엔)브라우니타르트,과자류,800,2+1,http://bgf-cu.xcache.kinxcdn.com/product/8801068380927.jpg
467,CU(씨유),커피엔)초코블랑,과자류,667,2+1,http://bgf-cu.xcache.kinxcdn.com/product/8801068374261.jpg
468,CU(씨유),켈로그)크런치넛에너지바,과자류,600,1+1,http://bgf-cu.xcache.kinxcdn.com/product/8852756055610.jpg
469,CU(씨유),코카)갈배사이다P500ml,음료,1000,1+1,http://bgf-cu.xcache.kinxcdn.com/product/8801105915679.jpg
470,CU(씨유),코카)목편각배도라지차,음료,1000,2+1,http://bgf-cu.xcache.kinxcdn.com/product/8801105915877.jpg
471,CU(씨유),코카)미닛플라워벚꽃사과,음료,1000,2+1,http://bgf-cu.xcache.kinxcdn.com/product/8801094692308.jpg
472,CU(씨유),코카)스프라이트캔355ml,음료,750,1+1,http://bgf-cu.xcache.kinxcdn.com/product/8801094203207.jpg
473,CU(씨유),코카)아데스아몬드P210ml,음료,900,1+1,http://bgf-cu.xcache.kinxcdn.com/product/8801094711405.jpg
474,CU(씨유),코카)아데스아몬드초코P,음료,900,1+1,http://bgf-cu.xcache.kinxcdn.com/product/8801094711504.jpg
475,CU(씨유),코카)조지아라떼캔270ml,음료,1467,2+1,http://cdn2.bgfretail.com/bgfbrand/files/product/357E6B0E9BE9437B9C4F685CDA77AC54.jpg
476,CU(씨유),코카)조지아블랙캔270ml,음료,1467,2+1,http://cdn2.bgfretail.com/bgfbrand/files/product/7741106523B54FF1BED5EB37C974423C.jpg
477,CU(씨유),코카)커피코카콜라캔250ml,음료,1000,2+1,http://bgf-cu.xcache.kinxcdn.com/product/8801094263089.jpg
478,CU(씨유),코카)콜드브루아메리카265,음료,1667,2+1,http://cdn2.bgfretail.com/bgfbrand/files/product/438C111A69A646F8B9C67F0A6CF8D22D.jpg
479,CU(씨유),코카)콜드브루카페라떼265,음료,1667,2+1,http://cdn2.bgfretail.com/bgfbrand/files/product/BA025EE56003498D818C8269563C84F7.jpg
480,CU(씨유),코카)크래프트라떼P470ml,음료,1667,2+1,http://bgf-cu.xcache.kinxcdn.com/product/8801094512668.jpg
481,CU(씨유),코카)크래프트블랙P470ml,음료,1667,2+1,http://bgf-cu.xcache.kinxcdn.com/product/8801094502669.jpg
482,CU(씨유),코카)태양의마테차P500ml,음료,933,2+1,http://bgf-cu.xcache.kinxcdn.com/product/8801094342609.jpg
483,CU(씨유),코카)토레타캔240ml,음료,800,2+1,http://cdn2.bgfretail.com/bgfbrand/files/product/929BA135305C4306AF48F95E843B7A8C.jpg
484,CU(씨유),코카)환타오렌지캔250ml,음료,800,2+1,http://cdn2.bgfretail.com/bgfbrand/files/product/29DD299BF04747DABE68FB5D3AA42938.jpg
485,CU(씨유),크라운)국희땅콩샌드,과자류,800,2+1,http://bgf-cu.xcache.kinxcdn.com/product/8801111614344.jpg
486,CU(씨유),크라운)마이쮸딸기,과자류,533,2+1,http://bgf-cu.xcache.kinxcdn.com/product/8801111187879.jpg
487,CU(씨유),크라운)마이쮸복숭아,과자류,533,2+1,http://cdn2.bgfretail.com/bgfbrand/files/product/2C644342724B4DA0880FA2C75982F98E.jpg
488,CU(씨유),크라운)마이쮸사과,과자류,533,2+1,http://bgf-cu.xcache.kinxcdn.com/product/8801111187916.jpg
489,CU(씨유),크라운)마이쮸포도,과자류,533,2+1,http://cdn2.bgfretail.com/bgfbrand/files/product/6F8A3BDCA45844DA968141BFB7824E7C.jpg
490,CU(씨유),크라운)못말리는신짱,과자류,1000,2+1,http://bgf-cu.xcache.kinxcdn.com/product/8801111185066.jpg
491,CU(씨유),크라운)새콤달콤레몬볼,과자류,667,2+1,http://bgf-cu.xcache.kinxcdn.com/product/8801111937269.jpg
492,CU(씨유),크라운)죠리퐁,과자류,1000,2+1,http://cdn2.bgfretail.com/bgfbrand/files/product/C42164EE5C3F4ECFB8D958643ED45DAF.jpg
493,CU(씨유),크라운)참크래커,과자류,800,2+1,http://bgf-cu.xcache.kinxcdn.com/product/8801111186582.jpg
494,CU(씨유),크라운)츄러스84g,과자류,750,1+1,http://cdn2.bgfretail.com/bgfbrand/files/product/FDEE4127FC214065B612178F4694798F.jpg
495,CU(씨유),크라운)카라멜콘땅콩56g,과자류,800,2+1,http://bgf-cu.xcache.kinxcdn.com/product/8801111180986.jpg
496,CU(씨유),크라운)카라멜콘메이플74g,과자류,1000,2+1,http://bgf-cu.xcache.kinxcdn.com/product/8801111904292.jpg
497,CU(씨유),크라운)콘초,과자류,800,2+1,http://cdn2.bgfretail.com/bgfbrand/files/product/AD8441712652413E8E24FB52E017D74F.jpg
498,CU(씨유),크라운)키커바,과자류,667,2+1,http://cdn2.bgfretail.com/bgfbrand/files/product/F739D4DAA0124CD3ABD6D6710B6248B7.jpg
499,CU(씨유),크라운)키커바녹차맛,과자류,667,2+1,http://cdn2.bgfretail.com/bgfbrand/files/product/2A5DBBB87C48413F8C6ADDFCFAA5044A.jpg
500,CU(씨유),크리넥)황사블랙마스크3P,생활용품,3667,2+1,http://bgf-cu.xcache.kinxcdn.com/product/8801166139731.jpg
501,CU(씨유),크리넥스)뉴황사마스크대,생활용품,1467,2+1,http://bgf-cu.xcache.kinxcdn.com/product/8801166130578.jpg
502,CU(씨유),크리넥스)블랙마스크3P,생활용품,2333,2+1,http://bgf-cu.xcache.kinxcdn.com/product/8801166130493.jpg
503,CU(씨유),크리오)뉴미세모칫솔,생활용품,1000,1+1,http://cdn2.bgfretail.com/bgfbrand/files/product/31538D05C4064782945760D03FE0125B.jpg
504,CU(씨유),크리오)뉴일반모칫솔,생활용품,800,1+1,http://cdn2.bgfretail.com/bgfbrand/files/product/3D4DFC632D7C4B03BA9A3383D767EF9B.jpg
505,CU(씨유),터치3)일회용면도기,생활용품,375,1+1,http://cdn2.bgfretail.com/bgfbrand/files/product/8E4AEBE9F5F94427969B0AAC44047CE1.jpg
506,CU(씨유),파마)밸브황사마스크블랙,생활용품,1933,2+1,http://bgf-cu.xcache.kinxcdn.com/product/8809545400878.jpg
507,CU(씨유),파마)밸브황사마스크흰색,생활용품,1933,2+1,http://bgf-cu.xcache.kinxcdn.com/product/8809545400861.jpg
508,CU(씨유),파이)그린티초코바,아이스크림,1200,2+1,http://cdn2.bgfretail.com/bgfbrand/files/product/5A735D28A41A4ADEAF23D3E159A26F55.jpg
509,CU(씨유),파이)민트초코바,아이스크림,1200,2+1,http://cdn2.bgfretail.com/bgfbrand/files/product/E8FD4AD9B9C34A8F8291BCB8BA9C3BE7.jpg
510,CU(씨유),파이)베리초코바,아이스크림,1200,2+1,http://bgf-cu.xcache.kinxcdn.com/product/8809592640012.jpg
511,CU(씨유),페리오)이지클리닉칫솔,생활용품,950,1+1,http://bgf-cu.xcache.kinxcdn.com/product/8801051010367.jpg
512,CU(씨유),페리오)토탈7치약,생활용품,1750,1+1,http://bgf-cu.xcache.kinxcdn.com/product/8801051064223.jpg
513,CU(씨유),페브리즈)포맨370ML,생활용품,4450,1+1,http://cdn2.bgfretail.com/bgfbrand/files/product/B97CA660E42E431884D8E5429147D2F4.jpg
514,CU(씨유),페이스)4중날면도기3입,생활용품,2150,1+1,http://cdn2.bgfretail.com/bgfbrand/files/product/7E2EF2F0EFCB468B80948C849AD46FDB.jpg
515,CU(씨유),푸르밀)딸기크림치즈라떼,음료,1000,2+1,http://bgf-cu.xcache.kinxcdn.com/product/8806371306046.jpg
516,CU(씨유),푸르밀)메이플라떼250,음료,1267,2+1,http://bgf-cu.xcache.kinxcdn.com/product/8806371308651.jpg
517,CU(씨유),푸르밀)바나나킥우유300ml,음료,1000,2+1,http://cdn2.bgfretail.com/bgfbrand/files/product/A5B2443207E6443BA67A6559702D9219.jpg
518,CU(씨유),푸르밀)생초콜릿라떼250,음료,1267,2+1,http://bgf-cu.xcache.kinxcdn.com/product/8806371308644.jpg
519,CU(씨유),푸르밀)아이리시커피240ml,음료,1333,2+1,http://bgf-cu.xcache.kinxcdn.com/product/8806371308101.jpg
520,CU(씨유),푸르밀)오곡라떼,음료,1000,2+1,http://bgf-cu.xcache.kinxcdn.com/product/8806371303786.jpg
521,CU(씨유),푸르밀)인디언밥우유,음료,1000,2+1,http://bgf-cu.xcache.kinxcdn.com/product/8806371308422.jpg
522,CU(씨유),푸르밀)초코바나나킥우유300ml,음료,1000,2+1,http://cdn2.bgfretail.com/bgfbrand/files/product/8C11B34EF9054CECB57ACB1AD3D217CB.jpg
523,CU(씨유),푸르밀)흑당밀크티250ml,음료,1333,2+1,http://bgf-cu.xcache.kinxcdn.com/product/8806371308521.jpg
524,CU(씨유),푸르밀)흑당카페라떼250ml,음료,1333,2+1,http://bgf-cu.xcache.kinxcdn.com/product/8806371308682.jpg
525,CU(씨유),프루트)청포도한송이130ml,음료,1333,2+1,http://bgf-cu.xcache.kinxcdn.com/product/8809572420535.jpg
526,CU(씨유),프링글스)마늘감자맛110g,과자류,2333,2+1,http://bgf-cu.xcache.kinxcdn.com/product/8886467113840.jpg
527,CU(씨유),프링글스)양파110g,과자류,2333,2+1,http://bgf-cu.xcache.kinxcdn.com/product/8886467100024.jpg
528,CU(씨유),프링글스)오리지널110g,과자류,2333,2+1,http://bgf-cu.xcache.kinxcdn.com/product/8886467100017.jpg
529,CU(씨유),프링글스)쿨링타올기획팩,과자류,3300,1+1,http://bgf-cu.xcache.kinxcdn.com/product/8809291670778.jpg
530,CU(씨유),프링글스)할라피뇨110g,과자류,2333,2+1,http://cdn2.bgfretail.com/bgfbrand/files/product/B2EF146DCBD2424BA200DAF192078F5B.jpg
531,CU(씨유),프링글스)핫스파이시110g,과자류,2333,2+1,http://cdn2.bgfretail.com/bgfbrand/files/product/67B4802E522E4D5691E4DAFD2615515B.jpg
532,CU(씨유),하겐)그린티미니컵,아이스크림,2800,2+1,http://bgf-cu.xcache.kinxcdn.com/product/3415584126294.jpg
533,CU(씨유),하겐)그린티아몬드콘,아이스크림,2800,2+1,http://bgf-cu.xcache.kinxcdn.com/product/3415580703291.jpg
534,CU(씨유),하겐)딸기미니컵,아이스크림,2800,2+1,http://bgf-cu.xcache.kinxcdn.com/product/3415581312294.jpg
535,CU(씨유),하겐)바닐라미니컵,아이스크림,2800,2+1,http://bgf-cu.xcache.kinxcdn.com/product/3415581311297.jpg
536,CU(씨유),하겐)바닐라카라멜콘,아이스크림,2800,2+1,http://bgf-cu.xcache.kinxcdn.com/product/3415580701297.jpg
537,CU(씨유),하겐)초코미니컵,아이스크림,2800,2+1,http://bgf-cu.xcache.kinxcdn.com/product/3415581533293.jpg
538,CU(씨유),하겐)초코아몬드콘,아이스크림,2800,2+1,http://bgf-cu.xcache.kinxcdn.com/product/3415580702294.jpg
539,CU(씨유),하겐)크림브륄레미니컵,아이스크림,2800,2+1,http://bgf-cu.xcache.kinxcdn.com/product/3415587354298.jpg
540,CU(씨유),하이트)블랙보리라이트,음료,1000,2+1,http://bgf-cu.xcache.kinxcdn.com/product/8801001238179.jpg
541,CU(씨유),하이트)진로토닉워터300ml,음료,800,2+1,http://bgf-cu.xcache.kinxcdn.com/product/8801001236076.jpg
542,CU(씨유),하이트)토닉워터깔라만시P,음료,800,2+1,http://bgf-cu.xcache.kinxcdn.com/product/8801001236342.jpg
543,CU(씨유),한국프루트)사과한개130ml,음료,1000,2+1,http://bgf-cu.xcache.kinxcdn.com/product/8809572420269.jpg
544,CU(씨유),한국프루트)자몽한개130ml,음료,1333,2+1,http://bgf-cu.xcache.kinxcdn.com/product/8809572420283.jpg
545,CU(씨유),한독)레디큐캔120ml,음료,3333,2+1,http://bgf-cu.xcache.kinxcdn.com/product/8806107612052.jpg
546,CU(씨유),한성)크래미맛살소90g,식품,1467,2+1,http://bgf-cu.xcache.kinxcdn.com/product/8801074255851.jpg
547,CU(씨유),해태)갈아만든배캔340ml,음료,733,2+1,http://cdn2.bgfretail.com/bgfbrand/files/product/165B5E7BAD934E988A3627A846185B73.jpg
548,CU(씨유),해태)구운감자,과자류,2400,2+1,http://cdn2.bgfretail.com/bgfbrand/files/product/04807F17D5EF4990B408A0198276F529.jpg
549,CU(씨유),해태)맛동산90g,과자류,1333,2+1,http://bgf-cu.xcache.kinxcdn.com/product/8801019608766.jpg
550,CU(씨유),해태)바밤바골드,아이스크림,667,2+1,http://cdn2.bgfretail.com/bgfbrand/files/product/DA97EE3CA0254D5EAB1A1285B41383C9.jpg
551,CU(씨유),해태)부라보바닐라콘,아이스크림,1200,2+1,http://cdn2.bgfretail.com/bgfbrand/files/product/F8E4CE58B49F40788CF90351B7A47FD9.jpg
552,CU(씨유),해태)부라보콘수박,아이스크림,1200,2+1,http://bgf-cu.xcache.kinxcdn.com/product/8801019514807.jpg
553,CU(씨유),해태)빠새킹,과자류,1000,2+1,http://bgf-cu.xcache.kinxcdn.com/product/8801019609411.jpg
554,CU(씨유),해태)쌍쌍바,아이스크림,667,2+1,http://cdn2.bgfretail.com/bgfbrand/files/product/AF60DE4B22ED4FC69217ACF4AEE65E1D.jpg
555,CU(씨유),해태)썬키스트모과병280ml,음료,1067,2+1,http://bgf-cu.xcache.kinxcdn.com/product/8801105913231.jpg
556,CU(씨유),해태)아카시아껌1000,과자류,667,2+1,http://bgf-cu.xcache.kinxcdn.com/product/8801019413865.jpg
557,CU(씨유),해태)애플시나몬시모나,아이스크림,1200,2+1,http://bgf-cu.xcache.kinxcdn.com/product/8801019515057.jpg
558,CU(씨유),해태)연양갱,과자류,600,2+1,http://cdn2.bgfretail.com/bgfbrand/files/product/D78873E55CAC4A74A913A8D9945C7E30.jpg
559,CU(씨유),해태)연양갱바밤바맛,과자류,600,2+1,http://bgf-cu.xcache.kinxcdn.com/product/8801019008870.jpg
560,CU(씨유),해태)오예스미니12입,과자류,2400,2+1,http://bgf-cu.xcache.kinxcdn.com/product/8801019313929.jpg
561,CU(씨유),해태)은단껌1000,과자류,667,2+1,http://bgf-cu.xcache.kinxcdn.com/product/8801019413841.jpg
562,CU(씨유),해태)초코홈런볼46g,과자류,1000,2+1,http://bgf-cu.xcache.kinxcdn.com/product/8801019306495.jpg
563,CU(씨유),해태)티라미수홈런볼46g,과자류,1000,2+1,http://bgf-cu.xcache.kinxcdn.com/product/8801019313660.jpg
564,CU(씨유),해태)후렌치파이딸기,과자류,2533,2+1,http://bgf-cu.xcache.kinxcdn.com/product/8801019307133.jpg
565,CU(씨유),해태)후렌치파이초코,과자류,2533,2+1,http://bgf-cu.xcache.kinxcdn.com/product/8801019314391.jpg
566,CU(씨유),해태)흑당맛동산90g,과자류,1333,2+1,http://bgf-cu.xcache.kinxcdn.com/product/8801019609633.jpg
567,CU(씨유),해태)흑당버블티바,아이스크림,667,2+1,http://bgf-cu.xcache.kinxcdn.com/product/8801019514975.jpg
568,CU(씨유),해피바스)비누,생활용품,1000,1+1,http://cdn2.bgfretail.com/bgfbrand/files/product/039BE0B2C7DE4B69AC10561E03CA761B.jpg
569,CU(씨유),행복)메추리알쏙쏙5입,식품,750,1+1,http://bgf-cu.xcache.kinxcdn.com/product/8801898162847.jpg
570,CU(씨유),행복)불닭맛메추리알,식품,750,1+1,http://bgf-cu.xcache.kinxcdn.com/product/8801898162939.jpg
571,CU(씨유),허쉬)녹차초코바,아이스크림,1333,2+1,http://bgf-cu.xcache.kinxcdn.com/product/8809490180146.jpg
572,CU(씨유),허쉬)딸기초코바,아이스크림,1333,2+1,http://bgf-cu.xcache.kinxcdn.com/product/8809490180184.jpg
573,CU(씨유),허쉬)초코민트바,아이스크림,1333,2+1,http://bgf-cu.xcache.kinxcdn.com/product/8809490180153.jpg
574,CU(씨유),허쉬)초코아이스바,아이스크림,1333,2+1,http://bgf-cu.xcache.kinxcdn.com/product/8809490180108.jpg
575,CU(씨유),허쉬)초코앤쿠키콘,아이스크림,1667,2+1,http://cdn2.bgfretail.com/bgfbrand/files/product/F4B003429E8F4D9C9BBEAEEF45B868DB.jpg
576,CU(씨유),허쉬)쿠키앤크림아이스바,아이스크림,1333,2+1,http://cdn2.bgfretail.com/bgfbrand/files/product/3878109AC17148AE9D68E1DE0185AECD.jpg
577,CU(씨유),허쉬)쿠키앤크림콘,아이스크림,1667,2+1,http://cdn2.bgfretail.com/bgfbrand/files/product/A03F4D96A4834F01950B8F0DDE689BEF.jpg
578,CU(씨유),허쉬)토피넛초코아이스바,아이스크림,1333,2+1,http://cdn2.bgfretail.com/bgfbrand/files/product/0A7B344EDB1F489D82E8F70B7157B662.jpg
579,CU(씨유),화이트)시크릿홀울날중4입,생활용품,1067,2+1,http://bgf-cu.xcache.kinxcdn.com/product/8801166212885.jpg
580,CU(씨유),화이트)입는오버나이트2입,생활용품,2000,1+1,http://cdn2.bgfretail.com/bgfbrand/files/product/EA259EB1F5074E6FA780C0357A7EEE38.jpg
